Hotel,Is canceled,Lead time,Arrival full date,Arrival date year,Arrival date month,Arrival date week number,Arrival date day of month,Stays in weekend nights,Stays in week nights,Stays total nights,Adults,Children,Babies,Meal,Country,Reserved room type,Assigned room type,Customer type,Reservation status,Reservation status date
City Hotel,0,22,2021-02-09,2021,1,11,1,5,6,11,4,0,1,Undefined,India,C,D,Transient,Check-Out,2023-12-04
Resort Hotel,0,38,2021-08-08,2020,1,13,4,4,14,18,2,1,0,Undefined,Spain,B,C,Transient-Party,Canceled,2021-10-17
City Hotel,0,22,2021-10-17,2022,2,22,21,5,10,15,3,3,1,FB,UK,B,A,Contract,Check-Out,2023-09-18
Resort Hotel,1,350,2021-05-31,2021,2,39,19,2,5,7,1,2,1,Undefined,India,D,B,Contract,No-Show,2020-04-01
City Hotel,1,307,2020-08-20,2020,8,28,5,1,4,5,3,2,1,BB,Germany,D,C,Transient-Party,Canceled,2021-03-04
City Hotel,0,295,2020-08-23,2021,5,38,11,0,11,11,1,0,1,BB,USA,A,C,Contract,Check-Out,2022-08-02
City Hotel,0,123,2022-06-03,2022,9,5,29,2,10,12,2,3,1,BB,Spain,A,D,Transient,Canceled,2021-01-13
City Hotel,1,185,2023-10-28,2020,5,2,19,3,2,5,4,2,1,FB,China,B,C,Group,Check-Out,2022-02-07
Resort Hotel,0,61,2023-05-16,2022,3,40,11,2,11,13,3,1,0,BB,Russia,E,C,Transient,Check-Out,2023-09-18
City Hotel,1,104,2022-11-10,2023,1,16,14,3,2,5,3,2,0,SC,France,A,C,Group,Check-Out,2021-10-17
Resort Hotel,1,92,2022-06-04,2021,6,23,2,5,10,15,2,3,1,BB,Brazil,E,B,Contract,Canceled,2023-06-10
Resort Hotel,1,223,2021-12-09,2020,6,48,13,3,2,5,4,2,0,Undefined,India,A,E,Transient,No-Show,2021-01-05
Resort Hotel,0,44,2022-03-08,2023,10,22,22,1,8,9,2,2,0,FB,Italy,C,B,Transient,No-Show,2021-06-07
Resort Hotel,0,215,2023-03-09,2021,5,51,29,4,12,16,2,1,0,SC,Spain,E,D,Contract,No-Show,2023-05-17
City Hotel,1,258,2022-01-28,2021,10,50,7,3,5,8,4,3,0,SC,China,A,D,Transient-Party,Check-Out,2020-03-18
Resort Hotel,0,305,2021-04-28,2020,1,50,22,2,7,9,1,1,1,HB,France,C,C,Group,Canceled,2022-03-07
Resort Hotel,1,77,2022-09-02,2022,4,21,8,5,10,15,1,2,0,HB,Brazil,A,D,Contract,No-Show,2020-10-05
City Hotel,1,319,2021-06-10,2021,1,41,5,5,8,13,3,2,1,BB,India,C,E,Group,No-Show,2020-11-14
City Hotel,1,148,2021-06-07,2022,4,12,26,0,5,5,3,1,1,HB,Spain,D,C,Transient,Check-Out,2021-06-02
City Hotel,0,25,2021-03-16,2021,6,8,8,3,11,14,1,1,1,SC,France,E,B,Contract,Check-Out,2022-11-30
Resort Hotel,0,197,2021-04-12,2020,2,4,13,2,3,5,2,1,0,FB,Brazil,A,E,Contract,Check-Out,2022-01-04
City Hotel,0,300,2023-02-08,2023,8,51,17,0,1,1,3,2,0,SC,USA,B,E,Contract,Check-Out,2023-02-25
City Hotel,1,57,2021-02-03,2023,6,28,5,4,6,10,3,2,0,BB,Spain,E,D,Transient,Canceled,2020-04-23
City Hotel,1,317,2023-06-18,2020,9,39,27,5,10,15,1,3,0,Undefined,India,E,A,Group,No-Show,2022-12-26
City Hotel,1,322,2023-04-05,2020,6,1,7,4,11,15,2,2,0,SC,USA,E,E,Transient,Canceled,2023-09-14
City Hotel,1,365,2023-04-27,2022,10,12,7,2,12,14,2,2,1,SC,USA,D,D,Group,Canceled,2021-09-29
Resort Hotel,1,262,2023-06-27,2023,3,17,9,4,14,18,2,3,0,HB,India,D,B,Transient-Party,Check-Out,2021-01-24
Resort Hotel,1,198,2021-04-01,2021,6,49,14,0,2,2,1,0,1,BB,Russia,D,E,Transient,Canceled,2020-11-11
City Hotel,0,295,2020-10-17,2021,1,23,6,0,1,1,4,0,0,FB,Spain,A,C,Group,Canceled,2021-10-19
City Hotel,1,360,2022-03-30,2022,1,12,8,5,12,17,4,0,0,Undefined,India,B,E,Contract,Canceled,2023-07-06
Resort Hotel,1,125,2022-03-08,2022,3,2,28,2,9,11,1,0,1,Undefined,Italy,C,A,Group,Canceled,2021-08-05
Resort Hotel,0,183,2022-11-11,2023,3,44,13,5,2,7,4,3,1,BB,France,B,E,Group,Canceled,2022-06-24
City Hotel,0,81,2022-12-27,2020,12,1,16,0,11,11,3,0,0,BB,China,C,D,Transient-Party,No-Show,2021-04-28
Resort Hotel,1,160,2022-01-26,2020,4,42,17,1,2,3,2,3,0,SC,Brazil,E,A,Group,Check-Out,2020-09-20
City Hotel,1,238,2023-08-26,2023,11,31,16,3,14,17,3,1,1,Undefined,China,C,E,Transient-Party,No-Show,2022-08-07
City Hotel,0,337,2020-10-31,2020,3,6,2,3,7,10,1,3,0,FB,UK,C,C,Transient-Party,Check-Out,2022-06-13
Resort Hotel,1,223,2023-11-24,2022,8,26,23,1,12,13,1,1,0,FB,Germany,A,D,Contract,Check-Out,2023-01-05
City Hotel,0,352,2022-07-28,2022,5,4,15,0,13,13,2,0,0,BB,Germany,D,C,Group,Canceled,2021-09-21
City Hotel,1,200,2023-05-10,2020,3,43,25,1,6,7,2,0,1,Undefined,Russia,B,A,Transient,Check-Out,2023-08-04
City Hotel,0,197,2023-03-26,2021,2,46,19,2,8,10,3,3,1,Undefined,China,B,C,Group,Canceled,2020-07-26
Resort Hotel,1,183,2020-05-22,2021,12,8,9,2,8,10,2,1,1,BB,USA,C,C,Transient-Party,No-Show,2023-01-12
Resort Hotel,0,228,2023-01-04,2022,4,36,23,0,6,6,2,0,0,SC,Russia,E,B,Transient-Party,No-Show,2023-07-16
City Hotel,1,53,2020-04-19,2022,11,52,7,2,5,7,2,2,0,BB,Germany,D,B,Transient,Check-Out,2021-07-15
Resort Hotel,1,231,2023-04-12,2021,1,16,12,4,6,10,4,0,1,BB,Russia,A,E,Transient-Party,Check-Out,2023-05-05
Resort Hotel,0,340,2021-04-26,2022,2,21,4,5,7,12,2,0,1,Undefined,Germany,B,A,Group,No-Show,2021-06-03
City Hotel,0,352,2022-02-16,2021,6,37,31,5,1,6,2,0,0,HB,Brazil,B,A,Group,Canceled,2023-01-11
City Hotel,1,208,2022-10-14,2023,8,37,3,4,8,12,2,3,1,SC,USA,C,E,Group,Check-Out,2020-01-12
Resort Hotel,0,20,2021-02-15,2023,10,5,10,2,4,6,1,2,1,BB,France,E,B,Transient,Canceled,2020-01-26
Resort Hotel,1,187,2022-12-09,2022,2,33,19,4,4,8,4,1,1,BB,Italy,B,D,Contract,Canceled,2023-09-17
City Hotel,0,312,2022-09-17,2020,1,5,16,5,5,10,1,1,0,FB,Germany,A,A,Transient-Party,Check-Out,2021-03-02
Resort Hotel,1,49,2021-02-17,2021,4,20,10,2,12,14,4,1,0,Undefined,Brazil,E,B,Contract,No-Show,2023-08-31
Resort Hotel,0,31,2020-07-13,2020,1,37,25,0,1,1,1,2,1,HB,USA,C,B,Transient-Party,No-Show,2021-12-06
Resort Hotel,1,196,2022-06-30,2022,5,12,30,2,11,13,3,0,0,FB,USA,E,B,Contract,Canceled,2022-07-15
Resort Hotel,1,42,2023-05-25,2022,11,35,10,2,7,9,3,3,0,BB,Italy,E,E,Group,Check-Out,2022-11-15
City Hotel,1,289,2020-12-11,2020,9,21,29,0,3,3,2,1,1,SC,France,D,D,Contract,No-Show,2021-05-30
Resort Hotel,0,283,2020-03-01,2023,3,23,16,5,7,12,1,3,0,FB,UK,A,C,Group,Canceled,2022-04-26
Resort Hotel,0,235,2022-07-17,2021,5,52,21,2,6,8,4,0,1,FB,USA,E,A,Group,Check-Out,2023-02-27
Resort Hotel,0,209,2022-08-24,2023,3,5,5,2,13,15,3,3,1,SC,China,B,B,Transient,Canceled,2022-11-11
Resort Hotel,1,90,2021-12-01,2021,4,43,16,3,10,13,1,2,0,SC,China,D,D,Group,Canceled,2020-02-10
Resort Hotel,1,335,2020-02-27,2023,12,31,19,0,9,9,3,3,1,HB,China,D,E,Transient,Canceled,2021-06-19
City Hotel,1,8,2020-04-24,2021,11,45,13,4,8,12,2,1,1,FB,Germany,E,D,Transient,Check-Out,2020-07-16
Resort Hotel,0,40,2021-03-19,2021,6,50,15,0,4,4,4,0,1,BB,Russia,E,C,Transient-Party,Check-Out,2023-11-17
Resort Hotel,0,355,2022-02-15,2021,11,36,30,3,12,15,4,2,1,Undefined,Spain,A,B,Contract,Check-Out,2020-11-17
Resort Hotel,1,300,2020-01-21,2020,2,18,31,1,8,9,2,0,1,Undefined,USA,C,D,Contract,Check-Out,2022-12-18
City Hotel,1,205,2020-07-06,2020,9,49,5,2,1,3,1,3,0,SC,Russia,A,C,Transient-Party,Check-Out,2023-07-02
Resort Hotel,1,196,2022-07-19,2021,6,17,18,3,11,14,4,1,1,SC,Spain,A,B,Transient-Party,Canceled,2022-06-25
Resort Hotel,1,244,2022-10-20,2021,7,18,12,1,4,5,2,3,0,HB,Germany,B,A,Group,Canceled,2021-01-18
City Hotel,1,361,2020-04-20,2020,12,27,20,4,6,10,3,2,1,BB,China,A,B,Group,No-Show,2022-05-15
City Hotel,0,172,2022-05-19,2023,11,43,23,3,12,15,1,0,1,HB,France,C,D,Contract,Canceled,2023-10-10
Resort Hotel,1,289,2021-06-17,2020,2,19,18,1,10,11,4,3,1,HB,Spain,B,A,Group,No-Show,2020-09-07
Resort Hotel,0,300,2020-06-06,2022,3,45,16,1,8,9,3,0,0,BB,India,E,D,Group,Canceled,2020-01-24
City Hotel,0,215,2020-07-03,2020,6,17,7,3,12,15,4,0,1,BB,China,C,B,Group,No-Show,2020-01-25
Resort Hotel,1,359,2020-07-13,2022,4,15,20,4,2,6,2,0,0,FB,India,C,A,Transient-Party,Check-Out,2022-08-17
City Hotel,1,149,2020-02-03,2022,1,47,17,0,8,8,4,3,1,SC,India,D,C,Group,Canceled,2020-03-25
Resort Hotel,1,198,2023-04-19,2020,11,27,4,2,8,10,3,3,0,SC,China,E,D,Group,Check-Out,2022-10-16
City Hotel,1,330,2020-12-31,2020,10,20,20,5,13,18,3,2,1,SC,France,A,D,Transient-Party,Canceled,2020-09-20
Resort Hotel,0,72,2021-05-17,2023,7,24,13,5,2,7,3,3,1,Undefined,UK,D,E,Group,No-Show,2023-01-27
City Hotel,1,65,2022-06-15,2023,10,23,18,0,11,11,2,3,1,BB,China,C,B,Transient-Party,No-Show,2023-08-18
City Hotel,1,97,2020-08-20,2020,5,18,8,2,13,15,4,1,1,HB,Germany,C,B,Transient,No-Show,2021-01-02
Resort Hotel,0,57,2021-10-31,2020,5,15,5,0,13,13,4,1,0,HB,Brazil,B,D,Transient,Check-Out,2021-10-10
City Hotel,0,245,2023-12-21,2022,11,23,15,2,13,15,1,2,0,FB,Brazil,B,A,Transient,Canceled,2022-09-27
City Hotel,0,149,2020-02-05,2023,12,47,23,3,11,14,3,0,0,SC,USA,B,D,Group,Check-Out,2022-05-15
Resort Hotel,0,168,2022-01-12,2023,8,50,12,3,11,14,1,3,0,BB,China,C,E,Contract,Check-Out,2020-10-01
Resort Hotel,1,220,2022-04-20,2023,12,10,10,1,4,5,2,3,0,HB,Brazil,B,A,Group,No-Show,2022-08-22
City Hotel,0,277,2022-12-05,2022,1,29,13,3,4,7,1,0,0,Undefined,Spain,E,A,Contract,Check-Out,2020-11-14
Resort Hotel,1,344,2023-03-02,2022,7,35,2,5,8,13,2,1,0,HB,France,E,A,Contract,Check-Out,2022-09-26
Resort Hotel,0,54,2022-05-13,2022,6,20,22,5,13,18,4,2,0,HB,Italy,B,C,Group,Canceled,2023-11-05
Resort Hotel,0,204,2020-06-14,2022,10,23,26,2,11,13,3,3,1,Undefined,Russia,E,A,Group,Canceled,2022-01-23
City Hotel,0,239,2022-01-20,2022,6,40,20,3,3,6,4,2,1,FB,Italy,B,D,Group,Canceled,2020-10-27
City Hotel,0,20,2021-01-24,2020,9,14,16,0,14,14,1,0,0,BB,UK,C,D,Transient-Party,Canceled,2021-08-19
Resort Hotel,0,136,2022-11-08,2021,2,4,30,4,7,11,2,2,0,SC,Germany,C,C,Group,Check-Out,2023-05-09
Resort Hotel,1,225,2020-09-18,2023,5,48,20,4,1,5,4,3,1,BB,USA,E,A,Transient-Party,Canceled,2021-04-30
Resort Hotel,0,126,2021-05-10,2021,6,4,20,2,14,16,4,3,1,Undefined,Spain,A,C,Transient,Canceled,2020-06-21
Resort Hotel,1,35,2020-05-03,2022,9,48,18,1,14,15,2,1,1,HB,Russia,D,A,Transient,No-Show,2020-03-27
City Hotel,1,201,2020-06-07,2022,5,45,23,1,7,8,4,1,1,SC,Spain,B,B,Group,No-Show,2021-04-13
City Hotel,1,303,2023-04-15,2020,5,1,11,5,9,14,4,1,1,BB,France,B,B,Contract,Canceled,2022-07-17
Resort Hotel,1,17,2020-10-22,2020,3,47,9,3,8,11,2,0,1,BB,UK,C,B,Contract,Canceled,2023-12-21
City Hotel,1,258,2023-08-18,2022,9,30,12,1,5,6,2,0,0,HB,USA,D,C,Transient,Canceled,2023-02-26
Resort Hotel,0,294,2022-06-18,2023,9,21,31,4,7,11,4,3,1,BB,India,D,B,Transient-Party,No-Show,2020-10-13
Resort Hotel,0,14,2020-04-07,2021,12,3,4,5,4,9,4,3,0,BB,China,E,B,Transient-Party,Canceled,2021-04-20
City Hotel,0,96,2020-09-17,2020,9,20,24,1,4,5,3,3,1,HB,India,B,D,Group,Canceled,2023-04-14
City Hotel,1,73,2023-05-03,2021,9,40,4,4,2,6,2,1,1,SC,India,B,E,Transient-Party,No-Show,2022-01-06
City Hotel,0,236,2023-08-09,2022,10,35,29,2,1,3,3,1,0,HB,Germany,D,B,Transient-Party,No-Show,2023-08-12
Resort Hotel,1,273,2021-05-06,2021,9,32,24,5,10,15,4,3,1,Undefined,China,B,D,Transient-Party,No-Show,2020-08-29
Resort Hotel,0,173,2020-11-24,2022,2,19,23,0,4,4,2,0,0,SC,USA,B,E,Transient-Party,No-Show,2022-10-25
Resort Hotel,0,160,2023-01-12,2021,12,50,20,1,7,8,3,1,0,HB,UK,E,A,Contract,Check-Out,2023-12-06
City Hotel,0,95,2021-12-21,2020,9,20,26,4,5,9,3,1,1,BB,China,E,E,Contract,Check-Out,2022-05-29
Resort Hotel,1,299,2022-07-01,2020,9,17,29,0,13,13,4,3,0,Undefined,USA,D,D,Transient,Check-Out,2021-12-12
Resort Hotel,1,251,2022-04-18,2020,8,20,20,0,10,10,3,1,0,HB,France,D,A,Group,No-Show,2020-07-18
City Hotel,1,74,2021-08-03,2023,1,52,7,2,2,4,3,2,1,Undefined,China,C,D,Group,Canceled,2022-07-16
City Hotel,0,268,2023-03-25,2021,7,45,5,0,4,4,2,3,1,BB,Brazil,E,A,Transient,No-Show,2021-10-07
Resort Hotel,0,72,2020-10-01,2021,6,24,30,2,10,12,2,0,0,BB,Russia,E,E,Contract,Canceled,2022-07-13
City Hotel,1,28,2022-11-13,2022,6,8,10,5,1,6,2,3,0,FB,Brazil,D,C,Group,Check-Out,2021-05-27
City Hotel,0,183,2022-02-25,2021,2,4,25,4,6,10,3,2,1,SC,China,A,B,Transient-Party,Canceled,2021-01-16
City Hotel,1,317,2022-12-13,2020,1,3,19,0,12,12,2,1,1,FB,France,A,E,Contract,No-Show,2022-12-30
City Hotel,0,341,2022-03-08,2022,12,23,27,0,4,4,1,2,1,FB,Italy,E,E,Contract,No-Show,2021-09-23
City Hotel,1,162,2022-11-25,2023,8,32,23,5,9,14,3,1,0,HB,Brazil,D,A,Group,No-Show,2022-01-31
Resort Hotel,1,207,2021-01-06,2020,3,26,24,4,6,10,3,1,0,BB,France,E,C,Contract,No-Show,2021-11-22
Resort Hotel,0,254,2022-09-08,2022,6,6,13,1,14,15,3,3,0,HB,France,D,B,Transient,Check-Out,2020-04-09
Resort Hotel,0,334,2023-02-27,2023,8,19,16,5,7,12,4,0,1,HB,UK,B,A,Transient-Party,No-Show,2021-05-06
Resort Hotel,1,222,2021-03-09,2023,2,27,29,1,14,15,3,3,1,HB,Germany,E,E,Group,No-Show,2023-07-25
Resort Hotel,1,239,2020-01-06,2021,9,21,24,1,7,8,3,0,1,BB,China,E,C,Transient,No-Show,2021-02-27
Resort Hotel,0,333,2020-01-28,2021,6,17,30,1,10,11,4,1,0,HB,France,B,E,Transient-Party,Canceled,2020-12-17
City Hotel,0,203,2021-09-25,2023,4,48,29,5,1,6,3,3,1,FB,France,A,A,Transient-Party,Check-Out,2023-05-24
Resort Hotel,1,7,2021-05-17,2020,12,47,23,3,13,16,4,1,0,HB,France,B,C,Transient,No-Show,2022-10-05
Resort Hotel,0,186,2021-04-06,2020,7,45,29,3,2,5,4,3,1,Undefined,Brazil,B,E,Contract,Canceled,2023-06-18
City Hotel,1,319,2023-01-13,2021,6,42,7,2,6,8,4,0,0,FB,Brazil,C,A,Transient-Party,No-Show,2020-04-02
Resort Hotel,1,119,2022-01-12,2021,5,9,21,0,1,1,4,3,0,Undefined,Italy,A,B,Transient,No-Show,2021-05-10
City Hotel,0,319,2020-04-27,2023,12,3,5,0,6,6,3,0,1,FB,Germany,D,A,Transient,Canceled,2020-07-27
Resort Hotel,1,146,2022-06-10,2021,12,15,30,3,5,8,3,1,0,HB,USA,A,D,Contract,Canceled,2023-10-28
Resort Hotel,1,174,2021-10-21,2021,7,11,26,5,5,10,4,3,0,BB,France,D,B,Group,No-Show,2022-12-15
Resort Hotel,0,348,2021-07-21,2023,11,10,24,0,12,12,4,2,1,BB,China,C,D,Transient,Check-Out,2023-09-12
City Hotel,0,55,2020-05-22,2022,3,25,15,2,12,14,1,2,1,BB,India,A,E,Transient,Canceled,2020-10-16
Resort Hotel,0,64,2023-10-16,2022,10,23,5,3,3,6,4,2,1,Undefined,Italy,E,E,Group,Check-Out,2020-08-31
Resort Hotel,1,308,2020-02-18,2021,12,43,27,1,6,7,2,3,0,Undefined,Russia,A,C,Group,No-Show,2020-09-15
Resort Hotel,0,302,2020-08-15,2022,8,48,14,2,9,11,1,1,0,HB,Brazil,C,C,Transient,No-Show,2020-08-22
Resort Hotel,1,29,2020-11-09,2023,3,39,10,3,13,16,3,0,1,Undefined,UK,B,D,Transient-Party,No-Show,2022-04-07
Resort Hotel,0,30,2021-12-15,2022,4,13,2,4,12,16,1,3,1,FB,UK,C,C,Transient-Party,Check-Out,2023-01-26
City Hotel,0,84,2021-11-29,2022,4,18,28,4,7,11,2,2,0,HB,India,E,C,Transient-Party,Check-Out,2022-06-24
City Hotel,1,177,2020-03-28,2021,3,14,14,2,1,3,2,3,0,Undefined,Brazil,D,C,Transient,Check-Out,2022-06-29
Resort Hotel,1,344,2020-02-27,2020,7,33,25,5,12,17,1,0,0,FB,France,A,B,Contract,Canceled,2021-04-04
City Hotel,0,62,2020-11-01,2023,11,34,28,1,2,3,2,2,1,Undefined,USA,D,B,Transient,Check-Out,2022-02-08
City Hotel,0,191,2022-05-31,2022,7,5,1,4,5,9,4,1,0,HB,China,A,B,Transient,Canceled,2022-12-16
Resort Hotel,1,307,2020-09-05,2021,6,48,25,1,13,14,4,0,0,SC,China,E,C,Group,No-Show,2023-06-04
City Hotel,0,33,2021-11-23,2020,12,23,13,1,5,6,4,3,0,Undefined,USA,B,D,Group,Check-Out,2020-02-21
Resort Hotel,0,319,2023-04-01,2023,1,46,16,3,8,11,3,1,1,Undefined,Brazil,E,B,Transient-Party,Check-Out,2020-08-12
City Hotel,1,92,2023-02-26,2021,12,3,26,0,5,5,4,1,1,HB,UK,C,B,Contract,Check-Out,2020-10-26
Resort Hotel,1,121,2020-11-03,2021,1,35,13,5,1,6,1,2,0,BB,Russia,B,D,Contract,Check-Out,2021-03-01
City Hotel,1,205,2022-06-28,2021,12,31,30,5,14,19,2,0,0,FB,China,C,C,Contract,Check-Out,2023-01-10
City Hotel,1,51,2023-07-17,2021,8,31,20,3,7,10,3,0,1,SC,Germany,A,C,Contract,Canceled,2023-11-24
City Hotel,1,266,2020-10-27,2020,7,30,22,0,13,13,2,0,1,FB,China,A,B,Group,No-Show,2022-04-27
City Hotel,1,140,2023-01-04,2023,9,20,4,5,4,9,2,3,1,FB,Germany,E,A,Group,Check-Out,2023-07-12
City Hotel,0,196,2021-05-05,2022,11,19,3,0,4,4,4,3,0,HB,Germany,D,E,Group,No-Show,2022-07-30
Resort Hotel,1,148,2021-11-15,2021,12,44,12,4,3,7,4,2,0,HB,USA,D,E,Transient-Party,Check-Out,2020-04-03
Resort Hotel,1,97,2021-03-14,2021,6,2,8,2,10,12,4,1,0,SC,China,B,B,Group,Canceled,2023-10-03
Resort Hotel,1,134,2022-12-14,2023,9,29,3,4,14,18,2,3,1,Undefined,Spain,E,A,Contract,Check-Out,2023-09-28
City Hotel,0,227,2023-01-28,2022,11,21,22,3,5,8,1,3,1,FB,Germany,B,C,Contract,No-Show,2020-07-10
City Hotel,0,65,2020-02-25,2020,6,37,27,5,13,18,1,2,0,FB,USA,C,E,Transient-Party,No-Show,2020-08-24
City Hotel,0,40,2022-08-31,2022,3,3,2,4,7,11,2,1,0,BB,India,B,C,Contract,Check-Out,2020-09-07
City Hotel,1,216,2020-05-20,2020,3,52,17,5,5,10,4,2,1,BB,Brazil,A,B,Group,Check-Out,2020-07-03
City Hotel,0,354,2020-09-27,2023,4,32,21,0,14,14,3,0,1,Undefined,UK,D,D,Contract,Check-Out,2021-10-01
Resort Hotel,1,296,2023-11-13,2020,8,42,15,3,1,4,1,1,0,HB,Spain,E,A,Contract,No-Show,2022-05-08
City Hotel,1,10,2022-04-21,2023,8,18,24,4,6,10,3,0,0,HB,Brazil,B,B,Contract,Canceled,2020-12-30
City Hotel,1,19,2020-04-22,2021,3,49,6,0,9,9,2,0,1,HB,France,B,B,Transient,No-Show,2022-08-27
Resort Hotel,0,352,2020-02-13,2022,5,8,29,1,3,4,3,3,1,Undefined,Brazil,D,B,Transient,No-Show,2022-07-30
City Hotel,1,51,2021-08-11,2022,3,23,13,2,1,3,1,1,0,BB,Germany,C,B,Group,No-Show,2021-12-27
Resort Hotel,0,268,2022-02-01,2021,3,48,15,1,5,6,3,1,1,Undefined,USA,A,C,Group,Check-Out,2021-08-14
Resort Hotel,0,152,2020-03-20,2020,10,24,19,0,14,14,2,0,0,Undefined,USA,B,B,Contract,Canceled,2022-11-09
City Hotel,0,12,2023-05-24,2020,10,50,2,4,13,17,1,0,1,SC,Spain,D,C,Contract,Check-Out,2023-01-12
Resort Hotel,0,43,2022-04-11,2020,11,12,27,4,7,11,3,2,1,HB,Italy,D,A,Group,Check-Out,2020-11-09
Resort Hotel,1,79,2023-10-02,2021,12,14,12,5,7,12,4,0,1,HB,India,E,B,Transient-Party,Canceled,2020-06-01
Resort Hotel,1,294,2021-08-09,2021,9,13,17,3,8,11,4,3,0,HB,Russia,B,A,Transient-Party,No-Show,2022-08-27
Resort Hotel,0,267,2023-01-28,2020,5,33,27,0,9,9,4,2,0,BB,USA,D,A,Contract,No-Show,2020-11-20
City Hotel,0,306,2023-01-23,2023,5,31,10,0,4,4,2,3,0,HB,UK,C,E,Contract,Canceled,2022-09-28
Resort Hotel,1,44,2022-05-23,2021,8,50,8,3,2,5,2,2,0,FB,UK,E,B,Transient-Party,Canceled,2023-02-25
City Hotel,1,281,2020-09-11,2022,5,36,11,3,7,10,1,3,0,FB,Spain,A,A,Contract,No-Show,2021-09-13
City Hotel,0,207,2021-01-17,2023,6,27,25,0,6,6,2,0,1,HB,Italy,C,E,Transient-Party,No-Show,2021-03-03
Resort Hotel,1,213,2021-07-23,2022,10,7,20,1,14,15,2,2,1,FB,China,E,C,Transient,No-Show,2020-05-26
Resort Hotel,0,254,2021-10-26,2023,5,39,17,2,3,5,3,0,1,Undefined,India,B,A,Transient,No-Show,2023-02-21
Resort Hotel,0,101,2021-07-17,2021,5,51,1,3,9,12,3,2,1,HB,Spain,D,A,Group,Canceled,2021-07-26
Resort Hotel,0,23,2020-03-06,2023,12,11,12,4,12,16,4,0,0,HB,China,B,A,Transient-Party,No-Show,2021-10-03
City Hotel,1,358,2022-01-06,2023,9,52,29,1,11,12,1,1,0,HB,Brazil,A,E,Group,No-Show,2022-01-07
City Hotel,0,148,2021-12-10,2020,12,30,14,2,9,11,1,1,1,BB,USA,A,B,Transient-Party,No-Show,2020-11-01
City Hotel,0,208,2020-12-03,2021,4,30,23,0,11,11,2,0,0,Undefined,Italy,E,C,Transient-Party,No-Show,2023-04-24
Resort Hotel,0,83,2022-07-29,2023,5,36,11,4,11,15,2,2,1,FB,Brazil,D,D,Transient,Check-Out,2023-12-25
Resort Hotel,1,337,2020-10-07,2020,5,43,22,2,5,7,2,0,1,Undefined,Brazil,C,E,Transient,Canceled,2022-11-12
Resort Hotel,0,65,2020-01-04,2020,11,45,9,5,5,10,4,2,0,BB,China,D,B,Transient-Party,Canceled,2023-10-29
City Hotel,1,315,2020-04-11,2023,9,48,5,5,2,7,1,3,1,SC,Germany,A,B,Group,Check-Out,2022-01-31
City Hotel,1,345,2022-05-16,2020,1,11,25,1,5,6,3,2,1,Undefined,Brazil,D,D,Group,No-Show,2020-08-07
Resort Hotel,1,237,2020-08-25,2021,11,2,1,2,3,5,2,0,0,Undefined,Russia,A,B,Transient,No-Show,2022-08-22
Resort Hotel,1,125,2020-04-22,2022,12,43,3,1,11,12,1,0,1,Undefined,Germany,B,E,Group,No-Show,2023-03-29
City Hotel,1,128,2020-06-10,2023,12,3,2,4,1,5,3,3,0,BB,India,C,E,Transient,Check-Out,2023-03-30
City Hotel,1,158,2023-11-12,2020,7,16,16,1,14,15,3,2,0,BB,USA,C,C,Contract,Canceled,2022-09-23
City Hotel,0,18,2023-09-13,2020,9,36,13,5,7,12,4,1,1,Undefined,Italy,A,E,Contract,Canceled,2023-07-13
City Hotel,0,24,2022-01-28,2023,8,38,17,5,10,15,3,2,0,BB,Germany,A,C,Transient,No-Show,2020-12-30
City Hotel,0,162,2020-11-27,2020,3,22,30,5,7,12,3,1,0,FB,China,A,E,Contract,Canceled,2023-04-14
City Hotel,0,75,2020-06-15,2023,7,52,15,5,11,16,1,0,1,BB,Spain,A,A,Transient-Party,No-Show,2021-07-24
City Hotel,1,177,2020-02-25,2022,9,45,14,3,14,17,4,1,1,FB,France,D,B,Transient-Party,Check-Out,2020-10-30
City Hotel,0,51,2022-07-18,2021,3,33,27,5,14,19,1,2,1,Undefined,Spain,C,A,Contract,Canceled,2023-06-03
Resort Hotel,0,22,2020-10-30,2023,10,30,7,4,2,6,1,0,1,HB,France,D,B,Contract,No-Show,2020-02-22
Resort Hotel,1,274,2023-11-26,2020,7,1,7,5,12,17,4,1,0,Undefined,China,A,A,Contract,Check-Out,2022-03-11
Resort Hotel,0,272,2023-12-22,2020,2,21,11,3,9,12,3,0,0,FB,UK,E,B,Group,Check-Out,2023-03-22
Resort Hotel,0,166,2022-11-15,2021,1,45,8,2,14,16,1,2,0,HB,Germany,A,B,Transient,Canceled,2020-11-12
Resort Hotel,1,54,2023-10-29,2020,4,9,20,4,13,17,3,2,1,SC,Italy,E,C,Contract,No-Show,2023-07-29
Resort Hotel,1,310,2020-04-27,2022,6,29,9,5,5,10,3,0,0,Undefined,India,B,D,Transient,Canceled,2021-02-27
Resort Hotel,0,220,2023-11-30,2021,10,33,12,2,3,5,1,3,1,Undefined,France,B,A,Transient-Party,Canceled,2020-06-10
City Hotel,1,72,2022-09-08,2022,4,8,9,5,11,16,2,3,1,SC,Germany,C,C,Contract,No-Show,2020-01-22
City Hotel,0,224,2020-01-15,2020,10,36,22,5,12,17,4,2,1,HB,France,D,E,Transient,Check-Out,2020-02-05
City Hotel,0,241,2021-12-08,2022,1,46,27,2,4,6,1,2,1,BB,Spain,E,A,Contract,No-Show,2023-11-11
Resort Hotel,0,88,2021-12-03,2021,11,17,6,3,4,7,2,1,1,BB,India,E,D,Transient-Party,Canceled,2021-12-05
Resort Hotel,0,232,2023-06-27,2020,11,18,8,0,6,6,3,2,0,FB,China,C,B,Transient,No-Show,2021-01-28
Resort Hotel,1,6,2023-03-11,2023,3,27,23,3,9,12,1,2,1,BB,India,A,A,Transient,Canceled,2022-04-15
Resort Hotel,1,162,2020-04-24,2022,7,44,9,1,12,13,3,0,1,Undefined,USA,C,B,Contract,No-Show,2020-06-26
City Hotel,0,122,2021-05-29,2023,8,10,22,2,1,3,3,1,0,BB,Italy,D,A,Transient-Party,Canceled,2022-07-30
City Hotel,1,102,2023-02-14,2020,2,38,3,0,12,12,1,0,0,BB,Italy,B,D,Contract,Canceled,2022-05-12
City Hotel,1,114,2020-02-09,2022,3,32,17,4,4,8,1,2,0,HB,Russia,B,C,Transient-Party,No-Show,2022-08-30
City Hotel,1,207,2022-04-29,2022,3,7,25,3,9,12,2,0,1,BB,India,C,C,Transient,Check-Out,2022-03-21
Resort Hotel,0,66,2020-08-10,2022,6,42,4,0,7,7,3,1,1,FB,USA,E,B,Contract,Canceled,2021-08-20
City Hotel,0,34,2022-10-20,2020,1,1,27,2,6,8,2,1,1,HB,Spain,A,B,Group,No-Show,2023-09-16
Resort Hotel,0,74,2023-04-27,2020,4,37,3,4,11,15,4,1,0,HB,USA,B,C,Group,Canceled,2021-11-25
City Hotel,1,163,2023-08-29,2021,4,10,9,4,5,9,1,2,1,BB,Brazil,B,E,Group,Check-Out,2020-11-14
Resort Hotel,0,88,2021-09-13,2021,1,42,23,5,12,17,4,0,1,Undefined,France,C,C,Transient,No-Show,2020-12-23
City Hotel,0,340,2022-01-13,2023,2,45,10,2,2,4,2,1,0,FB,France,C,B,Transient-Party,Check-Out,2022-12-07
Resort Hotel,1,135,2020-09-15,2022,4,8,20,5,2,7,3,2,1,SC,Brazil,C,C,Transient-Party,No-Show,2020-10-09
Resort Hotel,0,188,2021-05-26,2023,3,32,9,4,6,10,3,2,1,HB,China,C,D,Transient,Check-Out,2020-11-07
City Hotel,0,14,2021-02-13,2021,2,40,17,0,14,14,4,3,0,BB,USA,D,A,Transient,Canceled,2023-06-08
City Hotel,1,38,2022-02-24,2021,8,7,11,0,7,7,4,0,0,BB,France,C,C,Group,Canceled,2021-02-23
Resort Hotel,1,312,2020-11-12,2022,12,26,3,3,11,14,2,3,1,BB,Brazil,B,D,Transient,Canceled,2020-12-17
City Hotel,0,351,2023-02-23,2022,1,49,15,0,4,4,2,2,1,BB,Brazil,D,D,Group,Canceled,2022-05-27
Resort Hotel,0,88,2021-08-20,2021,5,17,27,0,5,5,1,1,0,SC,Spain,C,D,Contract,Check-Out,2020-09-05
City Hotel,0,114,2023-08-07,2021,11,13,5,5,7,12,4,1,1,SC,Russia,E,A,Contract,Canceled,2023-08-23
City Hotel,0,211,2023-10-06,2021,3,41,7,5,1,6,3,2,0,FB,UK,A,C,Contract,No-Show,2023-02-13
City Hotel,1,99,2020-06-15,2023,5,7,27,1,3,4,2,2,0,SC,India,B,D,Transient-Party,Check-Out,2022-12-09
City Hotel,0,205,2023-02-03,2021,5,20,23,3,1,4,4,3,0,SC,France,E,B,Transient-Party,No-Show,2020-11-17
Resort Hotel,0,358,2023-04-12,2020,8,41,29,2,6,8,4,3,1,HB,Spain,A,D,Group,Check-Out,2021-08-07
Resort Hotel,0,304,2021-10-29,2023,5,36,31,0,5,5,1,3,0,HB,Italy,D,E,Transient-Party,Check-Out,2023-11-24
Resort Hotel,1,128,2020-07-05,2020,8,49,1,5,1,6,3,1,1,SC,Russia,D,B,Group,No-Show,2021-06-07
City Hotel,1,363,2022-03-25,2023,1,42,30,4,9,13,4,0,0,FB,India,B,A,Group,Canceled,2023-09-06
Resort Hotel,1,109,2022-04-27,2023,6,23,25,3,4,7,4,0,0,SC,UK,D,C,Contract,Canceled,2021-01-10
Resort Hotel,1,136,2023-09-07,2022,10,31,3,4,7,11,4,3,0,FB,Italy,E,E,Transient,Check-Out,2022-07-16
Resort Hotel,0,123,2022-08-29,2022,7,22,27,1,1,2,4,2,1,BB,Russia,A,D,Transient-Party,Check-Out,2021-11-01
City Hotel,0,238,2022-04-19,2022,4,2,5,0,8,8,3,1,0,Undefined,Germany,A,B,Contract,No-Show,2021-09-19
Resort Hotel,0,221,2023-04-13,2022,7,32,25,5,1,6,4,1,1,BB,Italy,A,E,Contract,Canceled,2021-11-13
Resort Hotel,1,269,2020-12-28,2021,11,26,7,5,4,9,4,0,1,HB,Brazil,A,C,Transient-Party,Check-Out,2023-01-30
Resort Hotel,0,302,2021-03-02,2020,9,49,13,3,3,6,3,0,0,BB,Brazil,B,E,Group,Canceled,2020-09-17
City Hotel,0,127,2020-12-20,2021,5,45,13,4,11,15,3,2,1,FB,USA,A,A,Transient-Party,Canceled,2022-06-25
City Hotel,0,49,2023-10-22,2020,10,16,27,2,5,7,1,2,1,FB,Germany,A,B,Transient,Canceled,2020-09-05
City Hotel,1,193,2023-05-16,2022,2,7,23,4,2,6,1,0,0,Undefined,Germany,C,D,Transient-Party,No-Show,2021-02-09
Resort Hotel,0,231,2020-02-21,2023,5,44,13,4,9,13,1,3,0,Undefined,Russia,E,D,Transient-Party,No-Show,2021-08-23
City Hotel,1,72,2022-07-28,2020,2,30,22,1,14,15,1,1,0,BB,Germany,D,A,Transient-Party,Check-Out,2020-09-12
Resort Hotel,1,346,2021-06-02,2021,7,33,7,3,14,17,1,1,0,Undefined,Italy,D,D,Group,Check-Out,2022-02-16
City Hotel,1,28,2023-10-24,2020,3,34,13,4,11,15,2,3,1,FB,USA,D,E,Contract,No-Show,2022-06-04
City Hotel,0,54,2022-03-10,2020,4,33,17,0,5,5,2,0,1,Undefined,Italy,C,D,Contract,Check-Out,2023-08-16
Resort Hotel,0,78,2021-08-25,2021,6,5,31,5,2,7,1,3,0,SC,UK,A,C,Transient,Check-Out,2023-12-14
City Hotel,1,11,2020-10-14,2022,1,33,27,0,1,1,2,3,0,FB,China,B,D,Transient,Canceled,2020-06-28
City Hotel,0,337,2022-04-15,2021,11,15,3,3,8,11,3,1,0,HB,USA,B,B,Transient,Check-Out,2021-10-18
Resort Hotel,0,29,2020-04-28,2021,10,52,2,1,8,9,2,2,1,HB,Russia,A,E,Group,No-Show,2021-12-26
Resort Hotel,0,176,2020-02-28,2021,6,12,21,5,8,13,2,0,0,SC,Germany,B,A,Transient-Party,Canceled,2020-08-22
City Hotel,0,204,2023-09-10,2020,11,6,26,1,12,13,3,3,0,FB,Germany,A,B,Transient,Check-Out,2022-02-20
City Hotel,0,66,2022-03-17,2021,7,14,6,0,7,7,4,2,0,FB,China,A,A,Group,Check-Out,2022-06-19
Resort Hotel,1,100,2021-03-06,2022,7,47,4,5,7,12,4,1,0,FB,India,B,B,Transient-Party,No-Show,2022-12-20
City Hotel,0,353,2022-03-01,2020,1,27,2,3,13,16,1,2,0,BB,UK,E,E,Transient,No-Show,2020-12-27
City Hotel,1,344,2021-07-15,2022,12,28,11,0,11,11,2,0,1,Undefined,France,E,A,Group,Check-Out,2020-06-13
City Hotel,0,346,2023-01-13,2021,9,26,12,2,6,8,1,0,0,Undefined,Brazil,B,B,Contract,Canceled,2022-03-30
City Hotel,1,342,2020-11-08,2023,1,28,9,4,8,12,3,2,1,FB,France,C,A,Transient,Check-Out,2022-11-27
City Hotel,1,35,2020-12-19,2022,11,26,27,4,5,9,1,2,1,Undefined,India,C,E,Transient-Party,No-Show,2022-09-25
Resort Hotel,1,336,2022-03-28,2020,4,47,28,2,13,15,4,0,1,SC,Germany,A,A,Group,Check-Out,2021-09-03
Resort Hotel,1,39,2020-01-24,2021,12,4,8,4,3,7,2,1,0,Undefined,France,E,D,Contract,Canceled,2023-09-25
City Hotel,0,161,2021-12-10,2020,10,24,11,2,3,5,2,0,1,SC,Spain,E,C,Transient-Party,Canceled,2021-10-27
City Hotel,0,143,2021-10-25,2023,6,45,3,2,2,4,1,3,0,HB,Brazil,C,D,Transient,Check-Out,2021-08-01
Resort Hotel,0,217,2021-06-20,2022,1,39,24,2,9,11,1,3,1,FB,Brazil,D,C,Transient,No-Show,2020-04-06
City Hotel,0,277,2022-08-27,2020,10,19,19,5,10,15,3,3,1,FB,France,A,B,Group,Check-Out,2022-03-09
City Hotel,0,241,2023-09-25,2020,1,36,13,3,5,8,3,0,0,FB,Italy,A,C,Contract,Check-Out,2021-11-23
City Hotel,1,275,2023-11-28,2020,5,8,28,2,2,4,3,0,1,FB,India,D,D,Contract,No-Show,2023-04-29
Resort Hotel,1,295,2020-12-06,2020,1,16,3,0,1,1,4,2,0,FB,Brazil,A,B,Transient-Party,No-Show,2021-02-10
City Hotel,1,87,2023-09-10,2021,6,38,22,5,14,19,2,0,1,BB,Russia,A,B,Group,No-Show,2021-01-07
City Hotel,0,338,2023-12-05,2021,8,17,25,3,2,5,3,2,0,FB,Brazil,E,A,Transient,Check-Out,2021-07-05
Resort Hotel,1,51,2023-01-20,2022,9,38,29,5,12,17,2,1,1,SC,Germany,B,B,Contract,Check-Out,2022-10-20
Resort Hotel,1,219,2023-09-08,2020,1,52,22,5,4,9,4,3,0,HB,China,E,C,Contract,No-Show,2021-11-16
City Hotel,0,171,2023-11-07,2020,9,45,24,3,13,16,2,3,0,FB,Spain,D,A,Contract,No-Show,2022-06-07
Resort Hotel,1,194,2023-02-22,2021,11,45,18,4,7,11,2,3,1,HB,France,E,C,Transient-Party,Check-Out,2023-06-16
City Hotel,0,362,2021-10-06,2020,12,41,30,2,12,14,2,1,0,HB,Germany,A,E,Transient,Canceled,2020-12-19
City Hotel,0,150,2022-07-14,2022,12,4,18,1,9,10,2,0,0,BB,Germany,C,D,Transient,Check-Out,2020-12-24
City Hotel,1,55,2023-06-15,2021,9,8,16,5,4,9,2,3,0,FB,UK,B,C,Transient-Party,Check-Out,2022-02-25
Resort Hotel,0,18,2020-08-19,2021,12,3,1,0,2,2,2,3,0,BB,Spain,C,E,Transient,No-Show,2021-02-13
Resort Hotel,1,51,2023-05-14,2023,5,24,30,4,2,6,3,1,1,FB,UK,C,B,Transient,Check-Out,2020-12-10
City Hotel,0,4,2020-09-08,2021,8,11,4,3,12,15,2,2,0,FB,UK,B,B,Group,Check-Out,2022-06-04
Resort Hotel,1,81,2020-06-12,2023,8,39,27,5,11,16,4,1,1,SC,USA,B,C,Transient,Check-Out,2020-03-16
City Hotel,0,346,2021-01-10,2023,10,42,13,2,7,9,4,1,1,BB,Brazil,B,D,Transient-Party,Canceled,2023-05-12
City Hotel,1,233,2020-12-29,2023,2,18,12,4,3,7,4,3,1,BB,UK,C,D,Transient-Party,Canceled,2022-09-05
City Hotel,1,329,2023-08-19,2023,11,51,12,5,11,16,3,2,1,FB,USA,A,B,Contract,Canceled,2023-08-08
City Hotel,0,4,2022-02-03,2022,12,30,9,0,2,2,2,1,1,FB,India,C,C,Group,No-Show,2022-03-23
City Hotel,0,230,2020-05-10,2021,12,7,8,1,4,5,4,3,1,BB,Spain,D,D,Group,Canceled,2023-09-13
Resort Hotel,0,51,2020-04-01,2023,11,29,11,0,1,1,4,1,1,HB,France,E,C,Transient-Party,Canceled,2021-07-09
Resort Hotel,0,276,2022-10-28,2021,4,42,28,2,7,9,4,1,0,FB,China,B,A,Transient,Check-Out,2023-03-03
City Hotel,1,319,2023-09-26,2020,5,34,2,1,13,14,4,0,1,Undefined,UK,E,E,Contract,No-Show,2022-06-14
Resort Hotel,0,329,2022-03-29,2023,5,35,27,0,6,6,1,1,0,Undefined,Russia,B,E,Contract,No-Show,2023-01-22
City Hotel,1,53,2021-12-29,2023,8,38,27,4,9,13,2,3,0,SC,India,E,E,Transient-Party,Check-Out,2022-08-17
City Hotel,0,6,2023-08-25,2021,3,10,3,4,14,18,2,2,0,HB,China,A,B,Group,Canceled,2022-12-27
City Hotel,1,74,2022-10-22,2023,7,22,19,2,4,6,2,2,1,FB,India,B,E,Transient-Party,No-Show,2022-12-31
City Hotel,0,352,2023-02-10,2022,12,3,15,3,1,4,4,2,0,SC,China,B,A,Group,Check-Out,2023-06-04
Resort Hotel,0,129,2022-06-15,2023,10,42,30,5,7,12,3,1,0,Undefined,Russia,B,B,Transient-Party,No-Show,2021-12-06
Resort Hotel,1,10,2022-01-08,2020,9,4,18,4,14,18,2,1,0,Undefined,Brazil,B,C,Contract,No-Show,2021-04-26
City Hotel,1,170,2022-10-13,2022,3,6,24,1,11,12,3,0,0,FB,Germany,E,B,Group,Check-Out,2023-08-27
City Hotel,0,248,2020-04-19,2023,3,34,30,4,11,15,4,1,0,Undefined,Germany,D,C,Contract,No-Show,2020-09-11
City Hotel,1,354,2023-08-28,2020,8,5,16,2,3,5,4,3,1,HB,Spain,A,D,Transient-Party,Canceled,2021-05-04
City Hotel,1,243,2023-01-07,2020,11,52,30,0,4,4,2,2,1,HB,UK,A,B,Transient,Check-Out,2022-03-25
Resort Hotel,1,121,2023-11-14,2021,6,49,22,4,2,6,2,0,0,BB,France,E,E,Transient,No-Show,2021-02-19
Resort Hotel,1,192,2022-12-22,2020,9,50,21,4,3,7,2,1,0,FB,UK,A,E,Group,Check-Out,2020-04-15
Resort Hotel,1,328,2022-01-26,2021,4,52,17,0,1,1,1,1,1,FB,USA,C,E,Contract,Canceled,2020-01-20
City Hotel,1,288,2020-05-22,2020,5,47,9,0,6,6,4,3,0,HB,China,E,A,Transient-Party,No-Show,2022-09-05
City Hotel,1,244,2020-07-09,2021,7,25,28,4,12,16,4,3,1,SC,Spain,A,B,Transient-Party,Check-Out,2022-12-19
Resort Hotel,1,138,2021-12-02,2022,1,45,1,5,14,19,1,1,1,HB,France,E,E,Transient,Check-Out,2023-07-29
City Hotel,1,326,2022-05-30,2021,7,8,8,0,6,6,3,1,0,HB,Germany,A,B,Transient-Party,Canceled,2020-12-02
City Hotel,1,80,2022-06-17,2023,1,52,25,0,2,2,4,2,0,SC,France,A,B,Contract,No-Show,2021-12-08
Resort Hotel,1,140,2023-07-07,2021,5,36,28,2,3,5,2,0,1,SC,USA,B,A,Group,Check-Out,2023-02-06
Resort Hotel,1,108,2023-03-14,2022,6,22,8,4,7,11,2,3,0,SC,France,C,D,Group,Check-Out,2022-08-19
City Hotel,0,175,2021-06-02,2020,12,46,24,5,2,7,3,0,0,Undefined,Germany,A,B,Group,No-Show,2020-10-18
Resort Hotel,0,301,2021-10-14,2023,10,6,2,3,3,6,1,1,0,FB,France,A,C,Group,Check-Out,2021-02-01
Resort Hotel,0,43,2021-03-10,2022,4,34,14,0,4,4,2,1,1,HB,Germany,D,B,Transient,Canceled,2022-02-17
Resort Hotel,1,94,2023-08-12,2020,9,34,8,2,2,4,1,3,1,BB,UK,E,A,Contract,Canceled,2021-05-26
City Hotel,0,170,2023-06-15,2023,3,42,5,4,1,5,1,3,1,SC,France,E,C,Group,Check-Out,2021-08-01
Resort Hotel,0,54,2020-06-11,2020,7,1,1,3,5,8,4,1,1,FB,Spain,B,E,Transient,Canceled,2022-10-28
Resort Hotel,0,151,2023-08-28,2021,1,14,1,5,9,14,2,2,1,BB,Italy,D,B,Transient,No-Show,2023-05-21
Resort Hotel,1,237,2023-10-16,2022,7,32,7,5,11,16,3,3,0,Undefined,France,D,D,Contract,Check-Out,2022-04-09
Resort Hotel,1,327,2020-09-26,2022,6,34,20,5,9,14,1,0,0,HB,Italy,E,E,Group,No-Show,2023-01-06
City Hotel,0,226,2023-12-24,2021,10,46,20,0,11,11,1,3,1,BB,UK,E,B,Group,No-Show,2022-11-10
City Hotel,1,172,2021-07-07,2022,10,52,24,0,14,14,3,1,1,HB,China,A,A,Contract,Check-Out,2021-12-15
City Hotel,0,113,2021-02-07,2023,3,2,27,3,1,4,4,3,1,BB,Brazil,C,E,Transient-Party,Check-Out,2020-02-16
City Hotel,1,191,2021-04-02,2022,7,30,20,5,6,11,3,0,0,BB,Germany,C,C,Group,No-Show,2023-01-25
Resort Hotel,1,124,2023-03-12,2021,8,41,24,1,2,3,3,3,0,Undefined,China,B,D,Contract,No-Show,2023-12-17
City Hotel,1,179,2020-02-01,2020,8,7,22,4,3,7,2,2,1,FB,Germany,B,B,Contract,No-Show,2022-04-18
City Hotel,1,177,2022-03-05,2020,9,37,23,4,5,9,4,0,1,SC,France,A,E,Transient-Party,Canceled,2022-01-13
Resort Hotel,1,108,2021-02-21,2021,2,12,7,5,9,14,4,2,1,FB,Germany,E,C,Transient,Canceled,2022-07-03
City Hotel,1,139,2021-07-04,2023,11,19,11,2,3,5,3,1,0,SC,Brazil,C,C,Group,No-Show,2022-01-29
City Hotel,0,141,2021-05-18,2022,2,26,11,0,4,4,4,2,1,BB,France,D,C,Contract,Check-Out,2021-01-07
Resort Hotel,0,349,2020-03-23,2022,3,46,11,2,7,9,2,3,0,SC,USA,A,D,Group,Check-Out,2021-10-10
City Hotel,1,358,2023-05-04,2022,4,36,15,2,12,14,2,0,1,Undefined,Italy,D,D,Transient-Party,Check-Out,2021-03-06
City Hotel,1,297,2023-05-11,2023,5,27,4,2,2,4,1,0,1,SC,Germany,E,E,Transient-Party,Check-Out,2021-02-03
Resort Hotel,1,206,2021-10-21,2022,3,50,14,5,2,7,3,3,1,Undefined,India,E,B,Group,No-Show,2023-02-15
City Hotel,1,288,2021-11-09,2021,12,24,1,5,1,6,3,3,0,SC,India,C,A,Contract,Canceled,2020-05-03
Resort Hotel,0,358,2023-12-22,2021,7,7,25,4,8,12,3,0,0,BB,UK,E,E,Contract,Check-Out,2021-09-10
Resort Hotel,0,283,2020-08-14,2020,8,18,13,1,1,2,2,0,1,BB,USA,D,B,Transient,Canceled,2022-06-07
City Hotel,0,343,2020-12-17,2023,8,15,28,0,6,6,1,0,1,FB,Spain,B,B,Group,Canceled,2021-03-21
Resort Hotel,1,97,2021-12-15,2022,11,31,11,1,1,2,4,3,1,SC,India,C,C,Transient,Canceled,2020-12-11
Resort Hotel,0,222,2020-11-16,2020,8,45,6,0,3,3,2,2,1,HB,France,B,B,Group,Canceled,2023-12-27
City Hotel,0,61,2023-10-03,2020,8,23,26,1,9,10,4,0,0,SC,Brazil,B,B,Contract,Canceled,2020-10-20
City Hotel,0,193,2022-10-03,2021,1,5,27,3,14,17,2,2,1,BB,Brazil,E,C,Transient,No-Show,2022-03-28
City Hotel,0,44,2020-10-01,2022,8,33,3,5,3,8,2,3,1,SC,China,C,C,Transient,Check-Out,2022-12-08
City Hotel,1,317,2021-03-29,2020,5,23,13,5,1,6,4,3,1,HB,France,B,E,Transient,Canceled,2022-10-11
City Hotel,0,47,2020-07-18,2021,6,2,24,2,11,13,3,1,1,Undefined,USA,D,A,Group,No-Show,2020-12-08
Resort Hotel,1,242,2020-11-26,2021,7,20,13,0,11,11,3,1,0,HB,Russia,C,B,Transient,No-Show,2023-06-16
City Hotel,0,187,2022-10-09,2022,7,44,27,3,11,14,4,1,0,SC,Russia,C,E,Contract,Check-Out,2020-12-15
Resort Hotel,1,77,2022-05-12,2020,8,11,21,5,6,11,1,1,0,HB,France,A,B,Transient-Party,Check-Out,2023-08-26
City Hotel,1,76,2023-11-03,2023,7,20,5,2,13,15,4,3,0,BB,USA,D,D,Contract,Canceled,2020-01-06
City Hotel,1,122,2023-04-28,2021,2,25,15,5,9,14,2,3,1,SC,France,A,E,Transient,Canceled,2020-06-27
Resort Hotel,1,239,2021-12-18,2021,8,19,4,1,11,12,1,3,0,BB,Italy,C,A,Transient,No-Show,2022-10-12
Resort Hotel,0,135,2023-11-09,2022,10,52,13,2,5,7,2,1,0,BB,China,D,A,Group,Check-Out,2023-07-29
City Hotel,1,158,2023-08-13,2021,6,7,13,1,7,8,2,3,0,FB,Russia,D,E,Transient,No-Show,2023-11-04
Resort Hotel,1,337,2021-07-09,2021,9,33,11,4,14,18,1,1,0,BB,UK,D,A,Group,No-Show,2020-05-09
City Hotel,1,285,2023-03-08,2020,12,23,12,4,8,12,1,3,0,BB,India,E,B,Group,Canceled,2023-01-14
Resort Hotel,1,263,2020-06-15,2022,3,49,28,0,7,7,3,3,0,SC,Russia,E,C,Transient,Canceled,2020-12-10
City Hotel,1,347,2021-05-17,2020,9,40,29,2,7,9,2,2,0,FB,Italy,C,C,Transient,No-Show,2022-06-06
City Hotel,1,343,2023-05-11,2020,4,48,23,3,12,15,1,2,1,BB,India,B,A,Transient-Party,No-Show,2021-05-09
City Hotel,0,360,2020-08-11,2022,1,6,9,5,13,18,3,1,0,Undefined,Brazil,E,D,Contract,Canceled,2020-03-28
Resort Hotel,0,218,2022-10-04,2023,7,8,16,3,4,7,1,2,1,SC,France,A,C,Transient-Party,Canceled,2023-07-14
City Hotel,0,307,2020-02-09,2022,1,26,29,4,1,5,1,0,1,FB,USA,D,A,Transient-Party,Canceled,2023-12-12
City Hotel,1,361,2022-09-15,2021,9,10,11,1,3,4,2,1,1,SC,Brazil,B,E,Transient-Party,Canceled,2022-08-10
City Hotel,0,311,2023-12-22,2022,9,10,13,2,12,14,3,2,1,SC,India,A,D,Contract,Canceled,2021-03-11
City Hotel,0,339,2021-09-21,2022,3,44,18,2,10,12,4,1,1,SC,Italy,D,C,Group,Check-Out,2021-08-05
City Hotel,0,302,2021-03-31,2021,11,28,26,4,13,17,4,3,0,FB,USA,B,A,Transient,Check-Out,2020-04-16
Resort Hotel,0,86,2020-08-06,2023,10,26,7,1,12,13,1,0,0,FB,China,D,C,Contract,Check-Out,2022-02-04
Resort Hotel,0,6,2022-04-12,2021,11,13,5,0,10,10,1,1,0,SC,Spain,E,B,Contract,Canceled,2020-05-27
City Hotel,0,360,2021-12-20,2023,12,37,6,4,5,9,2,0,1,Undefined,India,B,E,Group,No-Show,2021-04-06
Resort Hotel,0,121,2022-10-07,2021,4,35,7,3,12,15,4,0,0,Undefined,Spain,B,C,Group,Canceled,2023-02-24
Resort Hotel,1,5,2021-09-06,2023,11,18,6,3,13,16,1,2,1,Undefined,France,E,D,Transient-Party,Canceled,2022-06-23
Resort Hotel,1,9,2023-12-20,2023,8,40,20,5,6,11,3,1,1,HB,Spain,D,E,Group,Check-Out,2021-10-27
City Hotel,1,348,2022-11-25,2023,8,24,25,4,14,18,3,1,1,FB,Brazil,D,B,Contract,No-Show,2021-09-17
Resort Hotel,0,120,2020-03-23,2023,7,26,13,1,13,14,2,1,1,BB,UK,D,A,Transient,Canceled,2021-01-20
Resort Hotel,0,223,2022-09-24,2020,8,28,11,5,11,16,1,3,0,Undefined,Spain,E,A,Group,Canceled,2023-08-04
City Hotel,0,314,2023-07-29,2020,8,41,15,2,14,16,3,0,0,FB,USA,D,D,Group,Check-Out,2020-03-01
City Hotel,1,351,2020-09-25,2023,11,49,27,2,9,11,4,3,1,BB,Italy,D,A,Transient-Party,Canceled,2022-06-14
City Hotel,1,91,2021-01-12,2022,4,5,15,5,2,7,2,1,0,FB,Germany,B,B,Transient,Check-Out,2023-10-14
City Hotel,1,309,2022-07-06,2021,4,48,18,3,3,6,4,3,1,FB,UK,D,E,Group,No-Show,2022-07-06
City Hotel,0,352,2021-12-30,2021,6,48,20,0,3,3,2,3,1,Undefined,India,C,E,Transient,Canceled,2021-10-15
Resort Hotel,0,122,2020-10-12,2021,1,38,3,1,4,5,3,3,0,FB,China,A,E,Contract,No-Show,2020-09-29
City Hotel,1,65,2021-06-09,2021,5,2,5,5,4,9,4,1,0,FB,France,E,E,Group,Check-Out,2021-05-08
City Hotel,0,10,2023-08-13,2020,9,47,27,0,11,11,4,1,0,BB,China,C,D,Transient,Canceled,2020-10-19
City Hotel,0,70,2020-05-07,2020,11,48,13,1,4,5,4,3,1,BB,Germany,D,C,Contract,No-Show,2021-09-27
City Hotel,0,249,2020-10-09,2022,11,35,24,3,3,6,4,2,1,HB,China,A,B,Contract,No-Show,2020-10-11
Resort Hotel,1,346,2023-07-31,2020,5,1,30,0,13,13,3,2,1,SC,Germany,D,B,Transient-Party,Check-Out,2022-11-27
Resort Hotel,0,285,2022-06-22,2020,4,15,29,0,4,4,3,3,1,HB,Russia,D,A,Transient-Party,Canceled,2023-02-23
Resort Hotel,0,121,2023-08-24,2021,4,27,27,5,13,18,4,1,1,FB,France,D,D,Group,Canceled,2022-06-17
Resort Hotel,1,8,2022-09-28,2022,3,4,20,2,9,11,2,3,0,HB,Russia,A,E,Transient-Party,No-Show,2023-01-24
City Hotel,1,201,2023-08-21,2021,7,4,4,5,13,18,4,0,0,HB,Spain,D,B,Contract,No-Show,2021-06-15
Resort Hotel,0,147,2021-06-28,2021,6,35,21,0,1,1,4,2,0,SC,Germany,C,C,Transient,No-Show,2021-10-31
City Hotel,0,335,2020-06-18,2023,7,12,13,0,10,10,4,1,0,HB,Russia,B,C,Contract,Canceled,2021-02-09
Resort Hotel,0,295,2020-04-01,2022,8,22,22,3,4,7,2,2,0,HB,India,D,A,Contract,No-Show,2023-05-05
City Hotel,0,330,2023-12-07,2020,12,46,13,4,2,6,4,0,1,FB,UK,B,E,Transient-Party,Check-Out,2022-10-11
Resort Hotel,0,222,2021-04-30,2020,2,9,12,1,8,9,4,1,1,FB,USA,D,B,Contract,Check-Out,2021-06-09
City Hotel,1,151,2022-01-24,2022,5,32,17,5,2,7,2,1,1,SC,Brazil,B,B,Transient,Check-Out,2020-01-04
Resort Hotel,0,3,2023-06-07,2020,10,26,27,5,11,16,2,3,1,FB,China,E,A,Group,Check-Out,2020-03-20
City Hotel,1,156,2020-10-09,2020,12,17,1,0,10,10,3,2,0,Undefined,India,D,E,Group,No-Show,2021-05-05
City Hotel,1,13,2021-04-02,2021,12,5,30,4,3,7,3,2,1,FB,France,E,C,Group,Check-Out,2021-10-29
City Hotel,1,344,2023-01-27,2023,4,52,26,2,12,14,4,3,0,SC,Russia,A,D,Transient,Check-Out,2023-06-19
City Hotel,0,264,2022-08-28,2022,2,30,27,2,12,14,2,1,1,Undefined,Spain,E,A,Group,Canceled,2021-08-01
Resort Hotel,0,5,2023-10-30,2022,8,27,3,2,2,4,3,3,0,HB,Germany,C,A,Contract,No-Show,2020-03-16
City Hotel,1,284,2020-11-29,2020,6,18,13,2,9,11,1,0,0,FB,France,D,C,Transient-Party,Check-Out,2023-04-30
City Hotel,1,224,2022-03-06,2021,6,21,6,2,6,8,2,0,0,HB,China,E,C,Group,Canceled,2023-02-19
City Hotel,1,1,2023-07-15,2021,3,48,15,0,14,14,1,1,1,FB,France,E,B,Transient,Canceled,2023-12-31
City Hotel,1,18,2023-08-12,2022,3,49,14,0,3,3,3,1,0,BB,Brazil,C,D,Group,No-Show,2022-12-09
Resort Hotel,0,204,2021-02-17,2022,11,33,14,0,3,3,3,1,0,BB,Italy,D,B,Transient,No-Show,2021-02-12
City Hotel,0,208,2021-06-08,2023,11,28,2,2,4,6,1,3,0,BB,Russia,D,C,Group,No-Show,2023-12-17
City Hotel,0,216,2023-10-01,2020,7,12,27,4,11,15,1,2,1,Undefined,USA,C,E,Contract,Check-Out,2021-10-22
City Hotel,0,204,2022-10-28,2021,2,39,17,4,12,16,1,0,0,BB,USA,A,B,Contract,Check-Out,2023-08-04
Resort Hotel,1,4,2021-07-26,2020,4,21,17,3,14,17,3,3,0,FB,Italy,E,E,Transient-Party,Canceled,2020-11-10
City Hotel,0,62,2021-08-06,2023,6,25,3,2,12,14,1,1,1,SC,Spain,E,A,Transient-Party,Check-Out,2021-09-02
Resort Hotel,1,18,2021-06-08,2021,6,37,8,4,12,16,3,3,1,HB,UK,C,C,Contract,Check-Out,2023-07-19
City Hotel,1,349,2020-01-17,2021,1,22,4,1,9,10,4,0,0,SC,Russia,E,E,Transient,No-Show,2021-10-15
City Hotel,1,178,2023-08-18,2020,2,7,25,2,1,3,1,0,1,Undefined,UK,E,C,Transient-Party,No-Show,2020-02-03
Resort Hotel,1,357,2020-12-12,2023,2,41,1,0,6,6,1,0,0,HB,Spain,C,D,Transient-Party,No-Show,2023-08-21
City Hotel,0,97,2021-07-12,2021,3,17,12,0,6,6,2,0,1,BB,USA,A,B,Group,No-Show,2020-05-13
City Hotel,0,118,2022-01-11,2022,5,4,17,5,9,14,4,3,0,SC,China,D,E,Transient,Check-Out,2023-07-31
City Hotel,0,4,2020-03-06,2021,6,36,24,0,8,8,1,1,1,Undefined,China,E,C,Transient-Party,No-Show,2021-10-03
City Hotel,0,276,2022-04-15,2022,2,19,29,0,4,4,3,0,0,SC,USA,E,A,Group,Canceled,2023-07-13
Resort Hotel,1,71,2020-05-15,2023,3,6,24,4,9,13,2,3,1,HB,Brazil,A,A,Transient-Party,No-Show,2022-08-31
City Hotel,0,122,2021-01-06,2020,12,31,23,2,10,12,1,1,0,Undefined,Germany,A,A,Contract,Canceled,2021-09-06
City Hotel,1,74,2023-01-26,2022,9,9,21,0,3,3,1,0,1,HB,France,C,C,Transient-Party,Check-Out,2020-01-27
Resort Hotel,1,207,2022-08-17,2022,3,45,7,4,5,9,1,2,0,BB,India,C,D,Contract,Check-Out,2022-01-01
City Hotel,0,62,2023-06-04,2022,9,17,26,3,2,5,1,3,1,FB,Russia,B,A,Transient,Check-Out,2022-08-09
City Hotel,0,35,2023-11-13,2023,8,20,4,0,12,12,4,3,0,Undefined,China,E,D,Group,Canceled,2023-02-06
Resort Hotel,1,153,2021-03-19,2020,4,39,13,5,6,11,1,2,0,HB,Spain,C,E,Transient,Canceled,2020-12-14
Resort Hotel,0,50,2021-01-08,2021,11,31,2,1,12,13,4,0,0,FB,China,E,D,Transient-Party,Canceled,2021-11-22
Resort Hotel,1,120,2020-12-10,2022,3,5,16,4,5,9,1,3,1,BB,Germany,B,B,Transient,Canceled,2020-06-10
Resort Hotel,1,43,2023-06-25,2021,6,32,20,0,7,7,1,3,0,BB,Brazil,D,B,Transient,Canceled,2020-07-27
Resort Hotel,0,312,2022-01-05,2023,11,26,24,1,11,12,4,0,1,Undefined,Germany,E,B,Group,No-Show,2023-05-04
Resort Hotel,0,210,2020-04-29,2022,9,17,9,0,7,7,1,3,1,SC,France,A,E,Group,No-Show,2020-01-25
Resort Hotel,1,48,2020-10-20,2022,4,11,27,1,6,7,1,3,1,HB,Italy,C,B,Transient,Canceled,2021-11-28
Resort Hotel,1,316,2021-04-09,2023,5,26,20,5,3,8,2,1,0,SC,China,C,C,Transient,Canceled,2022-02-06
Resort Hotel,1,232,2022-05-08,2021,11,3,12,3,6,9,2,3,1,BB,China,E,B,Transient-Party,Canceled,2022-10-15
Resort Hotel,0,33,2023-10-18,2020,2,40,23,5,13,18,1,3,0,FB,Germany,A,D,Contract,Canceled,2022-12-17
City Hotel,1,243,2022-02-18,2020,4,1,5,1,6,7,4,3,0,SC,France,A,B,Transient-Party,Canceled,2021-04-11
Resort Hotel,0,52,2020-02-01,2020,10,39,1,5,11,16,2,2,0,FB,Brazil,D,C,Transient-Party,No-Show,2023-12-15
City Hotel,1,5,2023-12-06,2021,3,46,25,2,11,13,3,2,0,SC,India,C,C,Contract,Check-Out,2023-10-03
Resort Hotel,0,230,2023-09-16,2021,3,40,6,4,4,8,3,1,1,BB,UK,A,D,Transient,Check-Out,2022-10-02
Resort Hotel,1,166,2023-03-28,2020,1,4,1,5,13,18,1,2,1,FB,Brazil,B,C,Transient-Party,Check-Out,2022-01-28
City Hotel,0,11,2021-04-27,2022,11,24,17,0,5,5,2,0,1,Undefined,Brazil,B,A,Transient,Canceled,2022-02-25
Resort Hotel,0,171,2022-06-29,2021,9,47,5,3,14,17,2,2,0,SC,USA,B,E,Transient,Check-Out,2023-11-29
City Hotel,0,316,2023-01-22,2023,11,5,1,3,7,10,1,1,1,Undefined,Russia,C,B,Group,No-Show,2022-02-08
Resort Hotel,0,41,2023-03-05,2020,3,7,2,5,1,6,4,3,0,SC,USA,C,C,Transient-Party,Check-Out,2023-03-14
City Hotel,0,58,2020-05-30,2022,3,25,18,2,11,13,1,2,0,BB,France,E,A,Transient-Party,Canceled,2020-03-10
City Hotel,1,361,2023-05-12,2022,1,50,10,4,7,11,1,2,1,Undefined,USA,E,D,Transient-Party,Canceled,2023-06-14
Resort Hotel,0,116,2020-07-22,2023,12,47,9,2,3,5,3,2,1,SC,India,D,D,Group,Canceled,2021-10-08
City Hotel,0,250,2020-09-12,2021,9,20,30,1,10,11,1,3,1,FB,India,D,C,Transient,Canceled,2022-05-28
Resort Hotel,1,243,2023-02-16,2023,1,52,15,3,3,6,4,2,0,HB,Brazil,E,A,Group,No-Show,2022-03-07
City Hotel,1,274,2023-07-03,2023,8,39,24,5,8,13,3,1,0,HB,Brazil,B,C,Contract,No-Show,2022-11-27
Resort Hotel,1,350,2020-01-09,2020,5,25,30,3,4,7,4,0,1,BB,Germany,D,C,Transient-Party,Check-Out,2021-11-06
City Hotel,0,132,2023-09-22,2020,10,32,16,0,5,5,3,1,1,HB,China,D,A,Transient,Check-Out,2020-07-09
City Hotel,0,113,2022-12-02,2021,11,12,17,5,4,9,2,1,1,BB,Spain,A,A,Transient-Party,No-Show,2020-07-28
City Hotel,0,326,2021-11-23,2023,1,13,12,4,10,14,3,2,0,Undefined,Italy,A,D,Contract,Canceled,2023-09-13
Resort Hotel,0,350,2023-02-28,2022,9,32,14,1,1,2,4,2,1,FB,UK,E,A,Group,No-Show,2022-10-22
Resort Hotel,1,352,2021-12-27,2022,4,1,17,0,2,2,3,1,1,BB,Russia,D,D,Transient,Check-Out,2022-09-18
City Hotel,0,184,2023-01-14,2021,12,34,14,2,1,3,4,1,1,Undefined,Brazil,E,D,Transient,No-Show,2022-07-10
Resort Hotel,1,365,2020-03-10,2021,5,46,6,4,14,18,2,1,1,Undefined,UK,D,D,Transient-Party,No-Show,2020-10-17
Resort Hotel,1,74,2020-05-11,2023,11,38,30,2,6,8,1,1,1,FB,USA,D,E,Contract,Canceled,2023-04-20
City Hotel,1,122,2020-05-03,2022,1,8,1,4,10,14,2,3,0,BB,UK,D,D,Transient,No-Show,2020-11-04
Resort Hotel,0,208,2022-01-17,2020,10,2,20,5,6,11,1,2,1,HB,Brazil,B,D,Transient-Party,Canceled,2022-02-12
Resort Hotel,1,56,2020-09-08,2020,12,14,12,4,1,5,2,1,0,BB,USA,A,D,Transient,Canceled,2023-04-01
Resort Hotel,1,197,2023-03-31,2023,10,41,22,1,11,12,4,2,1,HB,Spain,E,C,Transient-Party,No-Show,2021-07-16
City Hotel,1,219,2020-05-25,2021,1,32,18,0,9,9,4,0,0,SC,Germany,E,A,Transient,Canceled,2020-04-12
Resort Hotel,0,88,2022-01-13,2022,7,23,7,1,4,5,3,0,0,SC,China,B,A,Group,Canceled,2020-12-27
Resort Hotel,0,291,2022-09-06,2023,3,13,18,1,1,2,1,1,1,BB,Italy,E,C,Transient-Party,Canceled,2021-07-02
Resort Hotel,0,187,2020-04-29,2022,4,53,11,4,10,14,1,2,0,FB,Spain,A,A,Transient,Check-Out,2022-06-04
Resort Hotel,0,329,2022-12-09,2023,12,37,26,5,12,17,4,0,1,BB,Spain,D,B,Contract,Check-Out,2022-01-26
City Hotel,1,1,2023-08-31,2021,8,24,26,3,1,4,4,3,0,FB,Russia,E,B,Group,Check-Out,2021-08-07
Resort Hotel,0,232,2023-08-15,2022,3,22,9,2,13,15,4,0,0,FB,Brazil,D,D,Transient,No-Show,2023-02-19
Resort Hotel,0,82,2022-07-29,2022,7,38,19,0,11,11,4,2,0,FB,Germany,C,D,Transient,No-Show,2023-05-12
City Hotel,0,297,2022-02-24,2023,3,20,27,5,7,12,1,2,1,SC,USA,C,B,Transient-Party,Check-Out,2023-01-08
Resort Hotel,0,53,2021-07-11,2022,11,35,5,3,5,8,3,1,0,Undefined,Spain,C,D,Transient,No-Show,2022-06-23
Resort Hotel,1,16,2021-04-11,2020,5,7,26,2,13,15,4,0,1,HB,Italy,B,C,Contract,Canceled,2020-01-20
City Hotel,1,33,2021-05-02,2022,4,1,19,4,9,13,2,0,1,FB,Brazil,C,C,Transient,Canceled,2022-05-04
City Hotel,1,158,2020-01-07,2022,11,47,27,1,9,10,4,2,0,Undefined,Italy,D,E,Group,Check-Out,2022-01-28
Resort Hotel,0,192,2021-07-25,2021,11,1,12,5,11,16,4,0,1,Undefined,Spain,C,B,Transient-Party,Canceled,2022-09-13
City Hotel,1,132,2022-04-14,2023,10,14,12,3,10,13,2,0,1,FB,Spain,C,E,Transient-Party,Check-Out,2023-05-20
City Hotel,0,213,2023-08-03,2022,9,51,8,4,9,13,2,0,0,HB,Brazil,E,D,Group,No-Show,2020-12-26
City Hotel,1,68,2023-06-07,2022,5,52,30,0,10,10,2,1,0,SC,France,D,B,Group,Canceled,2021-10-06
City Hotel,1,167,2023-01-27,2023,6,50,28,4,7,11,4,0,0,HB,USA,B,E,Transient-Party,Canceled,2020-03-06
Resort Hotel,0,53,2021-11-03,2022,11,45,23,3,8,11,3,1,1,FB,Brazil,C,C,Transient-Party,Canceled,2022-04-03
City Hotel,1,11,2020-08-18,2023,4,32,1,0,11,11,3,0,0,FB,UK,B,C,Transient,No-Show,2022-08-03
City Hotel,0,339,2022-09-29,2021,6,6,4,3,11,14,3,0,1,SC,Spain,B,A,Transient,No-Show,2020-04-15
Resort Hotel,1,121,2021-12-16,2022,12,48,15,3,14,17,1,0,1,SC,France,B,C,Transient,No-Show,2021-07-27
Resort Hotel,0,186,2022-04-20,2020,10,51,27,0,10,10,1,1,0,BB,Germany,E,D,Transient,Check-Out,2022-01-17
Resort Hotel,1,264,2021-04-06,2021,7,14,20,0,13,13,4,2,0,HB,China,A,B,Group,Check-Out,2022-03-02
City Hotel,1,225,2022-08-27,2022,1,32,1,5,8,13,3,3,0,SC,Germany,E,D,Transient-Party,No-Show,2022-12-20
City Hotel,0,221,2020-11-01,2020,7,31,19,3,2,5,3,3,0,BB,Brazil,D,D,Transient-Party,Check-Out,2022-04-12
Resort Hotel,1,169,2022-02-27,2020,12,34,30,3,5,8,4,3,0,BB,UK,D,A,Group,Canceled,2023-12-21
City Hotel,0,3,2023-03-06,2023,3,30,14,3,1,4,2,1,0,BB,Brazil,C,B,Transient,No-Show,2023-09-19
Resort Hotel,0,281,2021-08-15,2020,12,36,6,2,2,4,3,2,0,SC,Spain,A,D,Contract,Check-Out,2023-05-06
Resort Hotel,0,171,2021-11-26,2023,1,16,25,3,11,14,1,0,1,BB,Germany,D,A,Transient-Party,Check-Out,2020-01-02
City Hotel,0,162,2020-07-02,2020,2,8,23,1,3,4,4,0,0,SC,India,D,A,Contract,Canceled,2021-07-23
City Hotel,1,15,2023-07-20,2022,7,49,27,2,4,6,3,0,0,HB,Russia,C,D,Contract,Canceled,2021-10-22
City Hotel,1,17,2021-03-19,2022,5,42,10,1,14,15,2,3,0,Undefined,Italy,E,A,Transient-Party,Canceled,2020-02-14
City Hotel,0,185,2020-11-26,2021,7,36,6,5,7,12,2,1,0,FB,France,B,B,Contract,Canceled,2022-08-27
City Hotel,0,64,2023-05-30,2022,6,44,20,2,1,3,2,2,0,SC,France,D,B,Group,Canceled,2021-06-24
City Hotel,1,326,2023-09-04,2020,4,14,3,3,12,15,4,3,0,BB,China,C,B,Transient-Party,No-Show,2020-07-19
City Hotel,1,42,2021-05-20,2021,12,52,17,2,9,11,4,0,0,FB,Germany,C,E,Transient-Party,No-Show,2020-12-10
Resort Hotel,1,310,2023-06-26,2023,1,1,30,1,13,14,1,0,1,HB,UK,C,C,Contract,Check-Out,2023-12-29
City Hotel,0,196,2021-03-20,2021,8,52,20,3,8,11,4,3,1,SC,Italy,A,C,Contract,Canceled,2023-10-22
City Hotel,0,291,2020-01-23,2023,11,39,4,4,13,17,1,1,1,BB,Russia,D,C,Transient-Party,Check-Out,2022-12-26
Resort Hotel,0,332,2022-09-27,2022,3,52,13,0,4,4,2,0,1,BB,Brazil,E,B,Transient-Party,No-Show,2022-10-03
Resort Hotel,0,207,2022-03-15,2020,6,39,15,1,3,4,1,0,1,FB,Russia,B,C,Group,Canceled,2022-08-09
City Hotel,1,285,2022-11-06,2021,11,51,30,3,13,16,3,1,0,HB,Russia,E,D,Contract,Check-Out,2022-04-27
Resort Hotel,0,115,2022-12-03,2021,3,32,14,2,1,3,3,0,1,SC,Spain,A,C,Contract,Canceled,2021-12-19
Resort Hotel,1,220,2023-04-17,2023,12,14,12,5,14,19,3,0,1,Undefined,Italy,E,A,Group,Check-Out,2020-12-25
Resort Hotel,1,208,2021-11-06,2021,1,44,14,3,7,10,1,0,1,Undefined,Spain,D,A,Transient,No-Show,2021-09-18
Resort Hotel,0,358,2021-07-15,2022,5,8,15,0,6,6,4,3,1,Undefined,USA,C,D,Group,Canceled,2022-12-16
City Hotel,0,195,2021-05-14,2020,10,25,17,2,12,14,1,3,1,HB,France,A,C,Group,Check-Out,2021-06-02
City Hotel,0,151,2023-05-04,2022,12,16,3,5,13,18,1,3,0,SC,India,D,C,Contract,Check-Out,2023-07-21
Resort Hotel,1,113,2022-01-10,2021,5,51,9,5,2,7,4,3,1,SC,Spain,C,C,Transient-Party,Check-Out,2023-01-07
Resort Hotel,0,111,2022-01-01,2020,10,2,27,4,8,12,3,3,0,SC,Germany,B,B,Contract,Canceled,2020-03-05
City Hotel,1,46,2023-12-22,2023,4,36,19,2,12,14,4,0,0,Undefined,USA,E,E,Contract,No-Show,2022-05-29
City Hotel,1,5,2020-04-23,2023,7,43,28,4,6,10,4,3,1,BB,China,D,D,Contract,No-Show,2023-03-10
City Hotel,1,338,2021-09-16,2020,8,24,24,5,9,14,3,1,1,SC,Russia,C,C,Contract,Check-Out,2020-11-18
Resort Hotel,1,137,2021-03-21,2022,8,15,16,3,10,13,1,2,1,Undefined,France,B,D,Transient-Party,Check-Out,2022-05-25
City Hotel,0,268,2020-02-23,2022,8,18,4,3,11,14,2,1,0,FB,Germany,E,A,Transient,Check-Out,2022-12-31
Resort Hotel,1,207,2023-04-08,2021,2,31,3,0,9,9,1,1,1,SC,Germany,B,D,Group,Check-Out,2022-08-16
City Hotel,0,81,2023-05-05,2023,1,25,1,5,6,11,2,2,0,Undefined,Spain,D,A,Transient-Party,Canceled,2020-03-12
Resort Hotel,0,273,2021-12-29,2023,9,29,29,3,8,11,1,3,1,HB,Germany,A,A,Transient,No-Show,2020-04-23
City Hotel,1,5,2021-03-02,2022,12,50,6,2,4,6,1,2,0,HB,Spain,E,A,Contract,Check-Out,2020-11-14
City Hotel,0,23,2020-08-04,2022,2,35,30,5,5,10,2,3,0,BB,China,A,B,Group,No-Show,2022-05-27
City Hotel,0,97,2022-12-23,2023,3,10,29,1,2,3,1,2,0,HB,Russia,E,A,Group,Canceled,2022-09-14
City Hotel,0,3,2023-01-24,2021,10,32,9,2,6,8,4,0,1,HB,USA,B,D,Contract,No-Show,2023-04-20
Resort Hotel,1,89,2022-09-03,2022,4,38,22,1,6,7,3,1,1,SC,UK,D,E,Transient-Party,No-Show,2023-12-10
City Hotel,0,325,2020-11-11,2021,11,28,3,3,14,17,1,2,0,BB,Russia,A,D,Transient-Party,Canceled,2022-12-26
Resort Hotel,0,206,2020-03-10,2020,9,19,12,0,14,14,3,3,0,SC,France,B,B,Transient-Party,Canceled,2021-05-19
City Hotel,0,199,2022-05-30,2023,5,12,20,2,4,6,2,1,1,Undefined,Russia,D,C,Group,Check-Out,2021-12-24
City Hotel,0,28,2022-09-04,2021,1,17,12,3,13,16,2,1,0,SC,France,D,A,Transient,Check-Out,2020-11-06
City Hotel,0,75,2023-01-25,2021,8,9,18,4,4,8,1,3,0,Undefined,Spain,A,D,Transient-Party,No-Show,2023-09-15
City Hotel,1,317,2023-08-22,2020,12,24,15,2,11,13,3,2,0,FB,Spain,B,B,Transient-Party,Check-Out,2021-08-12
Resort Hotel,1,197,2020-04-27,2023,5,32,20,1,14,15,1,3,0,FB,Spain,A,A,Group,No-Show,2020-02-27
City Hotel,0,130,2021-01-16,2020,4,5,19,3,8,11,2,1,0,Undefined,Brazil,B,E,Contract,No-Show,2020-08-04
Resort Hotel,0,209,2023-11-26,2022,11,51,19,0,13,13,4,0,1,BB,India,D,B,Transient-Party,Canceled,2022-07-25
Resort Hotel,0,257,2020-03-02,2023,11,4,3,5,2,7,3,2,0,Undefined,Russia,D,A,Transient-Party,Canceled,2021-03-01
Resort Hotel,1,153,2023-09-29,2023,3,8,2,2,4,6,3,0,1,Undefined,Germany,B,A,Transient,Canceled,2021-05-29
Resort Hotel,1,176,2022-04-07,2022,5,29,23,2,13,15,2,1,0,HB,USA,E,A,Transient,No-Show,2020-09-02
Resort Hotel,1,273,2022-04-09,2023,1,10,10,1,5,6,2,1,1,FB,India,D,E,Group,Check-Out,2022-07-16
Resort Hotel,0,149,2023-11-24,2020,5,50,20,2,9,11,1,1,0,Undefined,USA,B,B,Group,Check-Out,2022-01-03
Resort Hotel,1,69,2023-10-28,2022,9,46,24,2,6,8,4,0,1,SC,Spain,D,A,Group,Canceled,2020-03-09
City Hotel,0,248,2021-06-05,2021,3,22,19,4,2,6,1,0,0,BB,China,C,A,Contract,Canceled,2020-03-12
City Hotel,0,75,2020-10-03,2022,1,10,4,1,1,2,4,2,0,FB,Brazil,B,B,Transient,No-Show,2022-09-26
City Hotel,0,336,2020-12-05,2022,8,34,9,5,1,6,4,0,1,BB,Brazil,C,E,Transient,No-Show,2021-11-25
City Hotel,0,149,2023-05-24,2023,9,52,5,5,9,14,1,0,0,SC,Germany,B,C,Contract,Canceled,2021-12-28
City Hotel,1,298,2020-02-20,2023,10,15,3,1,13,14,2,0,0,Undefined,USA,B,B,Contract,Canceled,2021-08-17
City Hotel,0,121,2021-10-24,2022,3,52,24,5,2,7,4,2,0,HB,India,B,C,Contract,Canceled,2020-08-16
City Hotel,1,85,2020-11-26,2022,3,23,19,0,14,14,3,3,0,BB,USA,A,A,Group,Check-Out,2023-03-11
Resort Hotel,0,163,2022-02-05,2022,6,16,2,0,5,5,1,2,0,HB,Germany,C,C,Group,Canceled,2022-10-04
Resort Hotel,0,13,2023-06-03,2020,12,11,27,2,8,10,2,3,0,SC,USA,C,A,Contract,Check-Out,2022-04-05
Resort Hotel,0,9,2021-10-31,2022,12,30,20,4,7,11,2,1,1,HB,Russia,B,D,Contract,Canceled,2022-06-13
Resort Hotel,1,242,2021-12-10,2022,7,43,23,3,6,9,3,0,0,Undefined,USA,C,B,Transient-Party,Canceled,2021-08-23
City Hotel,0,252,2020-07-07,2022,9,40,20,5,1,6,3,1,1,FB,Italy,C,B,Transient-Party,No-Show,2023-10-24
Resort Hotel,0,199,2021-02-20,2023,1,27,3,4,2,6,2,3,0,FB,Russia,D,A,Transient-Party,No-Show,2022-05-23
Resort Hotel,0,340,2020-03-02,2023,2,29,19,1,9,10,3,2,1,Undefined,Brazil,B,C,Contract,Canceled,2020-09-15
Resort Hotel,0,81,2022-01-07,2022,3,8,28,0,10,10,4,3,0,HB,Russia,B,C,Transient,Check-Out,2022-10-03
Resort Hotel,1,90,2022-06-15,2020,5,30,3,0,6,6,2,2,1,HB,Brazil,C,C,Transient-Party,Canceled,2022-01-23
City Hotel,0,146,2022-12-04,2021,10,11,13,5,5,10,4,2,1,HB,France,B,C,Transient-Party,Canceled,2021-05-25
City Hotel,1,363,2022-09-01,2020,2,41,18,1,6,7,1,1,0,SC,Russia,C,C,Transient-Party,Check-Out,2022-03-07
City Hotel,1,333,2022-05-23,2022,11,51,13,5,7,12,2,2,1,BB,Russia,C,C,Group,No-Show,2022-12-05
City Hotel,1,260,2022-08-01,2020,6,1,13,1,13,14,4,1,1,BB,France,B,A,Transient-Party,No-Show,2023-12-10
City Hotel,0,125,2023-04-05,2022,12,5,25,4,6,10,4,2,0,BB,China,A,B,Contract,Check-Out,2022-10-29
City Hotel,0,221,2023-03-03,2020,1,14,23,2,3,5,1,3,1,Undefined,Germany,A,E,Group,Check-Out,2022-01-11
Resort Hotel,0,166,2022-09-24,2021,12,4,4,1,9,10,3,1,0,SC,France,E,C,Transient-Party,Canceled,2023-08-07
City Hotel,0,231,2020-01-14,2023,12,6,5,0,5,5,2,1,0,BB,China,C,D,Transient,Check-Out,2022-11-05
City Hotel,1,152,2022-01-30,2022,6,8,9,5,7,12,4,3,1,BB,UK,E,B,Group,Check-Out,2023-12-23
Resort Hotel,1,138,2023-06-30,2021,5,44,10,3,11,14,4,0,0,Undefined,France,B,B,Transient-Party,Canceled,2022-03-06
City Hotel,0,361,2022-02-07,2021,12,12,27,5,7,12,1,1,0,HB,France,B,A,Transient-Party,Check-Out,2020-01-13
City Hotel,0,334,2023-10-20,2020,3,27,14,3,1,4,2,1,0,Undefined,India,B,C,Contract,Check-Out,2020-05-01
Resort Hotel,0,278,2020-10-31,2022,1,39,17,1,5,6,1,1,1,HB,Spain,D,E,Group,No-Show,2020-01-02
Resort Hotel,1,197,2023-09-10,2023,7,30,9,2,9,11,3,0,1,FB,China,D,A,Group,Canceled,2022-04-16
City Hotel,0,8,2022-04-21,2020,3,23,13,5,7,12,3,1,0,HB,India,D,E,Contract,No-Show,2021-01-23
Resort Hotel,0,203,2022-08-17,2021,6,49,11,0,10,10,1,0,0,BB,Germany,D,B,Group,Canceled,2022-05-23
Resort Hotel,1,67,2020-07-14,2023,1,39,12,1,6,7,3,0,0,Undefined,Spain,C,A,Transient,Check-Out,2021-01-01
Resort Hotel,1,22,2020-05-28,2023,1,1,21,4,11,15,3,1,1,FB,Spain,D,D,Contract,Check-Out,2021-08-19
Resort Hotel,1,280,2022-09-12,2020,1,15,8,1,10,11,3,3,1,HB,India,B,C,Contract,Canceled,2021-09-30
City Hotel,0,189,2021-08-13,2022,8,38,3,3,1,4,4,3,1,BB,Spain,B,E,Group,Check-Out,2020-01-25
City Hotel,1,205,2021-01-06,2023,7,6,24,1,6,7,1,3,0,SC,USA,D,D,Group,No-Show,2022-09-12
City Hotel,0,346,2020-07-27,2020,11,18,15,5,3,8,3,2,1,Undefined,India,D,A,Group,Canceled,2020-12-01
City Hotel,1,260,2021-09-12,2021,9,46,9,5,6,11,4,0,0,BB,Spain,B,A,Transient,Canceled,2020-06-19
Resort Hotel,1,75,2023-11-26,2023,2,12,9,2,13,15,4,0,1,FB,USA,E,E,Transient,Check-Out,2022-01-22
Resort Hotel,1,255,2022-09-27,2021,1,23,11,5,10,15,1,3,1,Undefined,Russia,A,B,Transient,Canceled,2020-12-18
Resort Hotel,0,168,2020-04-10,2021,5,38,31,2,2,4,1,2,1,HB,Spain,B,E,Contract,No-Show,2021-06-06
Resort Hotel,1,60,2023-10-03,2022,8,5,26,5,14,19,2,0,0,HB,Germany,E,E,Contract,Check-Out,2020-07-13
City Hotel,0,133,2021-01-09,2023,8,18,19,0,4,4,3,3,0,BB,Russia,D,C,Transient-Party,Canceled,2023-01-29
Resort Hotel,0,298,2022-06-18,2023,2,21,2,1,10,11,3,1,1,SC,Russia,A,E,Transient,Check-Out,2020-12-22
Resort Hotel,0,93,2021-02-22,2020,11,51,5,1,10,11,1,1,0,HB,India,E,B,Transient-Party,Canceled,2022-03-31
Resort Hotel,1,186,2023-06-20,2023,6,13,10,4,3,7,2,1,1,Undefined,UK,A,D,Contract,Check-Out,2020-05-21
City Hotel,1,71,2021-09-13,2022,11,36,28,0,4,4,1,0,1,BB,China,B,C,Contract,Check-Out,2023-04-24
City Hotel,1,8,2021-08-15,2020,1,52,30,4,9,13,1,0,0,HB,France,D,C,Group,No-Show,2023-03-06
Resort Hotel,0,197,2021-01-26,2020,8,15,15,5,3,8,1,0,0,SC,USA,B,C,Group,No-Show,2022-09-07
Resort Hotel,1,133,2022-03-04,2023,3,6,26,3,6,9,2,3,0,HB,Germany,D,B,Transient,Check-Out,2021-02-23
Resort Hotel,1,169,2023-06-13,2020,7,33,18,3,7,10,4,2,1,HB,China,A,A,Transient-Party,Check-Out,2020-06-30
Resort Hotel,0,163,2020-12-04,2021,6,29,5,0,11,11,3,3,0,FB,UK,A,C,Transient,Canceled,2022-05-21
Resort Hotel,1,91,2021-09-07,2023,5,41,15,5,13,18,1,3,1,HB,USA,C,D,Contract,Canceled,2023-04-02
Resort Hotel,0,112,2020-06-15,2020,2,15,8,1,5,6,2,3,1,FB,Russia,C,A,Contract,No-Show,2022-04-20
Resort Hotel,0,169,2021-11-01,2022,10,43,5,2,2,4,2,0,1,HB,Spain,B,C,Contract,Canceled,2022-07-01
Resort Hotel,1,301,2020-05-16,2022,8,3,27,5,8,13,1,2,1,BB,Italy,D,A,Transient-Party,Canceled,2020-04-04
City Hotel,0,121,2020-09-28,2023,10,22,30,4,1,5,3,0,1,SC,India,A,E,Contract,No-Show,2023-07-06
City Hotel,1,207,2020-09-30,2021,6,44,4,0,8,8,2,0,0,FB,France,C,C,Contract,No-Show,2020-05-05
City Hotel,0,83,2021-12-12,2023,7,37,24,1,12,13,1,2,0,HB,India,C,C,Transient-Party,Canceled,2020-11-19
City Hotel,0,256,2020-04-26,2022,10,38,14,0,11,11,1,0,1,HB,China,C,A,Contract,Check-Out,2020-01-18
Resort Hotel,0,340,2023-10-17,2022,3,30,10,5,6,11,3,1,0,BB,China,C,B,Contract,Check-Out,2022-08-15
Resort Hotel,0,352,2021-03-31,2022,4,25,29,2,7,9,2,1,1,FB,UK,B,B,Transient-Party,No-Show,2020-06-06
City Hotel,0,21,2022-12-11,2021,2,35,17,4,3,7,3,0,0,SC,USA,B,C,Contract,No-Show,2022-10-04
Resort Hotel,0,43,2022-09-25,2020,2,53,11,0,10,10,2,2,0,HB,India,E,B,Group,No-Show,2023-03-15
Resort Hotel,0,140,2023-04-02,2023,3,49,19,3,12,15,3,3,1,FB,China,E,E,Transient,Canceled,2020-08-11
Resort Hotel,0,191,2020-12-12,2023,3,32,25,3,1,4,2,3,1,FB,Brazil,B,E,Transient,No-Show,2023-09-27
Resort Hotel,0,130,2022-09-28,2021,7,33,11,2,5,7,2,0,1,HB,UK,B,E,Contract,Canceled,2022-11-12
City Hotel,0,104,2022-05-15,2020,6,25,12,0,7,7,4,1,1,SC,USA,D,E,Transient,Check-Out,2021-04-15
Resort Hotel,1,325,2021-12-07,2023,12,24,27,4,1,5,3,3,0,BB,China,B,B,Group,Check-Out,2020-09-19
City Hotel,0,328,2022-07-01,2021,11,50,21,1,14,15,3,3,0,Undefined,Brazil,A,E,Transient-Party,No-Show,2020-11-09
City Hotel,1,6,2020-09-19,2021,12,10,3,4,5,9,3,1,1,Undefined,China,D,A,Contract,Check-Out,2020-11-21
City Hotel,1,296,2021-01-16,2023,1,20,8,5,12,17,4,3,1,BB,Spain,B,B,Transient-Party,Canceled,2023-09-05
City Hotel,1,206,2020-06-16,2021,8,23,14,5,3,8,4,0,0,BB,India,A,D,Transient,Check-Out,2020-01-10
City Hotel,0,98,2023-08-05,2023,7,45,13,4,3,7,3,2,0,SC,Spain,D,D,Transient-Party,Canceled,2020-03-11
Resort Hotel,0,363,2023-09-05,2023,8,52,13,2,8,10,4,0,0,HB,China,A,D,Contract,No-Show,2022-12-01
City Hotel,1,213,2020-09-08,2020,11,15,29,5,9,14,4,1,0,FB,Italy,D,E,Group,Check-Out,2022-01-12
Resort Hotel,0,230,2023-04-15,2021,11,31,7,4,10,14,2,2,0,BB,USA,E,B,Transient-Party,Canceled,2022-08-26
City Hotel,0,172,2020-05-03,2021,7,12,11,4,1,5,4,1,0,Undefined,UK,A,E,Transient-Party,No-Show,2020-07-12
Resort Hotel,0,46,2023-04-23,2023,9,40,18,0,10,10,2,1,1,HB,China,A,E,Contract,Check-Out,2020-09-18
Resort Hotel,0,228,2023-08-02,2020,1,13,19,5,3,8,4,1,0,HB,China,B,D,Transient-Party,No-Show,2020-08-07
City Hotel,0,323,2022-10-16,2023,5,20,2,5,14,19,2,1,0,SC,India,E,B,Group,No-Show,2020-12-07
City Hotel,1,244,2021-03-06,2020,1,7,27,0,10,10,2,3,1,HB,USA,A,A,Contract,Canceled,2023-10-25
Resort Hotel,0,267,2020-07-25,2023,11,34,3,5,14,19,4,1,1,Undefined,France,A,D,Contract,Canceled,2021-01-29
Resort Hotel,0,189,2022-03-29,2023,1,48,25,3,3,6,4,3,0,SC,Brazil,D,D,Transient,Canceled,2023-11-06
City Hotel,0,253,2021-12-22,2022,12,47,22,0,2,2,2,2,0,FB,China,A,C,Contract,Check-Out,2020-06-23
Resort Hotel,1,81,2020-02-05,2020,10,36,2,0,9,9,4,2,1,FB,Russia,B,E,Contract,No-Show,2020-06-19
Resort Hotel,0,139,2022-06-27,2020,1,23,10,2,2,4,4,0,1,FB,France,E,A,Contract,Canceled,2022-05-02
Resort Hotel,0,174,2020-09-05,2020,4,45,8,0,13,13,1,1,0,BB,India,C,A,Contract,Canceled,2023-10-29
Resort Hotel,1,199,2023-09-15,2020,6,19,31,2,1,3,3,1,0,FB,UK,D,E,Group,Canceled,2021-07-15
City Hotel,0,237,2021-09-08,2020,1,22,3,4,8,12,2,0,1,HB,Germany,B,A,Group,Check-Out,2020-09-18
City Hotel,1,45,2023-03-08,2021,7,30,24,1,14,15,2,2,1,SC,Germany,C,B,Transient-Party,Canceled,2023-01-20
Resort Hotel,1,99,2022-08-15,2022,10,19,16,5,6,11,4,1,0,BB,France,D,C,Contract,Check-Out,2023-11-17
Resort Hotel,0,87,2020-10-29,2021,1,12,23,2,8,10,1,2,1,BB,Russia,C,A,Group,Canceled,2021-04-24
Resort Hotel,1,98,2020-07-28,2021,1,46,6,0,5,5,4,0,1,BB,Germany,E,A,Group,Canceled,2022-03-30
Resort Hotel,1,28,2023-09-28,2020,10,11,21,2,9,11,1,0,1,SC,Spain,A,B,Group,Canceled,2021-01-23
City Hotel,0,354,2020-10-01,2023,3,30,28,3,10,13,3,3,0,FB,Spain,E,C,Group,Canceled,2022-07-28
Resort Hotel,0,205,2022-04-12,2020,10,4,15,4,13,17,1,0,0,FB,Brazil,A,E,Transient,No-Show,2020-07-02
City Hotel,1,278,2022-11-30,2020,2,3,10,3,2,5,3,1,1,Undefined,France,B,B,Group,No-Show,2022-11-30
Resort Hotel,1,51,2021-06-14,2021,9,47,18,1,7,8,4,1,0,FB,France,B,A,Transient-Party,Canceled,2023-05-28
City Hotel,0,197,2022-11-15,2020,10,38,25,1,5,6,4,3,0,BB,Italy,B,D,Transient-Party,No-Show,2022-09-03
City Hotel,0,272,2022-12-30,2022,10,31,3,5,8,13,1,3,0,SC,China,E,E,Transient,Check-Out,2023-03-17
Resort Hotel,0,198,2023-10-25,2020,8,38,30,5,3,8,2,3,0,SC,Russia,E,C,Contract,Canceled,2023-05-07
Resort Hotel,1,272,2020-09-26,2023,10,12,18,2,11,13,1,1,0,HB,UK,B,D,Group,Check-Out,2023-05-02
Resort Hotel,0,246,2023-10-04,2021,5,42,12,4,6,10,1,1,0,FB,UK,C,E,Transient,Check-Out,2023-01-24
Resort Hotel,0,32,2020-04-21,2021,3,51,25,5,12,17,1,2,1,HB,Spain,E,C,Group,No-Show,2021-09-02
Resort Hotel,1,263,2022-02-23,2022,6,49,26,0,3,3,4,3,1,FB,Brazil,D,D,Transient-Party,Check-Out,2021-11-13
Resort Hotel,0,214,2021-07-08,2020,6,40,8,1,6,7,2,1,0,SC,UK,E,C,Group,Check-Out,2023-09-13
City Hotel,1,191,2021-02-15,2022,11,29,19,3,1,4,3,3,1,Undefined,Spain,E,E,Contract,Check-Out,2020-04-13
City Hotel,0,160,2022-02-15,2022,12,38,16,4,2,6,2,0,0,HB,Russia,D,A,Group,Canceled,2022-01-30
Resort Hotel,0,169,2020-04-23,2023,10,14,7,2,12,14,2,0,0,HB,UK,C,C,Contract,No-Show,2023-04-11
Resort Hotel,1,86,2022-05-18,2022,9,32,13,5,10,15,3,0,0,BB,Germany,B,D,Transient,Canceled,2022-05-31
Resort Hotel,0,310,2020-03-28,2020,10,42,31,3,8,11,3,1,0,BB,India,D,E,Group,Canceled,2023-02-07
City Hotel,0,272,2023-02-06,2020,4,4,11,0,5,5,3,3,1,HB,Italy,B,B,Group,No-Show,2021-02-01
Resort Hotel,0,22,2023-02-27,2020,5,27,25,3,6,9,1,2,1,Undefined,China,E,D,Group,No-Show,2023-06-04
Resort Hotel,1,50,2020-02-14,2022,12,1,13,5,14,19,4,0,1,BB,USA,B,D,Transient-Party,Canceled,2022-02-15
City Hotel,0,288,2022-12-14,2020,5,2,7,5,12,17,2,1,0,FB,Brazil,B,D,Transient-Party,Canceled,2022-09-29
Resort Hotel,1,361,2020-12-18,2023,10,43,11,2,14,16,1,3,0,FB,Spain,D,C,Contract,Canceled,2021-04-28
City Hotel,1,299,2023-04-14,2020,7,2,13,1,14,15,3,3,1,BB,UK,E,D,Transient-Party,Canceled,2023-01-20
City Hotel,0,324,2022-06-13,2022,12,49,27,4,13,17,4,3,0,HB,Spain,B,A,Contract,Canceled,2021-04-19
City Hotel,1,136,2021-07-12,2023,9,28,25,1,2,3,2,2,1,Undefined,India,A,B,Contract,No-Show,2022-10-25
Resort Hotel,1,30,2020-04-10,2020,5,49,28,4,11,15,3,0,0,HB,Germany,D,C,Contract,Check-Out,2020-01-07
Resort Hotel,1,181,2023-04-14,2022,8,9,18,4,8,12,3,3,0,SC,Russia,E,C,Transient,Check-Out,2022-05-16
City Hotel,1,355,2021-09-13,2020,3,17,5,1,5,6,3,0,1,FB,India,C,E,Transient-Party,Check-Out,2020-11-28
Resort Hotel,1,298,2023-04-09,2020,8,37,27,4,7,11,1,2,0,SC,India,A,A,Transient-Party,Check-Out,2020-04-21
City Hotel,0,353,2021-11-16,2020,7,21,17,1,7,8,2,3,0,HB,Italy,A,B,Contract,Check-Out,2021-09-10
Resort Hotel,0,30,2022-04-22,2022,10,12,4,1,14,15,4,1,1,SC,Italy,A,C,Transient-Party,Canceled,2022-01-15
Resort Hotel,1,126,2023-08-16,2023,1,9,11,0,9,9,2,0,1,FB,China,E,A,Group,Check-Out,2021-08-26
Resort Hotel,0,340,2020-08-17,2020,1,2,12,3,9,12,3,3,1,SC,UK,A,A,Transient-Party,No-Show,2020-12-01
Resort Hotel,1,55,2021-09-26,2021,1,49,19,1,12,13,1,1,1,BB,UK,B,D,Group,Check-Out,2021-01-28
City Hotel,1,173,2023-03-29,2020,4,32,20,5,5,10,3,1,1,HB,India,D,A,Transient,Canceled,2022-03-09
Resort Hotel,0,138,2020-01-30,2020,4,46,30,1,4,5,1,0,0,SC,UK,D,E,Transient-Party,Canceled,2020-05-28
City Hotel,1,64,2023-06-29,2020,11,33,8,2,1,3,3,1,1,BB,Brazil,C,E,Transient-Party,No-Show,2023-09-04
Resort Hotel,1,243,2021-11-30,2020,1,40,8,3,7,10,2,2,1,FB,Brazil,D,B,Group,Check-Out,2020-02-04
Resort Hotel,0,288,2020-09-13,2023,7,13,22,5,11,16,1,2,0,FB,UK,A,C,Transient,Check-Out,2022-07-30
City Hotel,0,362,2021-01-01,2021,7,30,12,4,1,5,3,1,0,Undefined,India,A,D,Contract,Check-Out,2022-04-15
Resort Hotel,1,336,2020-05-29,2020,5,16,24,0,12,12,2,0,0,SC,Italy,B,E,Contract,Check-Out,2021-11-30
City Hotel,0,55,2020-01-13,2023,2,3,12,4,11,15,1,3,0,BB,France,C,C,Transient,Canceled,2020-07-16
City Hotel,0,315,2022-09-24,2023,10,48,24,2,5,7,4,1,1,BB,China,B,C,Group,Check-Out,2023-08-08
City Hotel,0,238,2023-03-12,2020,4,41,23,1,11,12,4,3,1,BB,UK,A,D,Transient,Canceled,2022-05-31
City Hotel,1,151,2022-11-17,2021,8,37,4,0,8,8,1,0,1,HB,India,E,B,Transient-Party,Canceled,2020-12-12
Resort Hotel,0,201,2022-03-10,2022,5,18,25,4,11,15,3,0,0,Undefined,Spain,C,B,Transient-Party,No-Show,2022-05-20
City Hotel,0,172,2022-04-11,2022,11,19,20,0,10,10,2,1,0,FB,India,B,C,Contract,Canceled,2021-04-11
Resort Hotel,1,229,2020-05-08,2023,9,20,8,3,6,9,2,3,1,Undefined,India,E,D,Contract,No-Show,2022-01-12
Resort Hotel,0,33,2020-02-23,2020,7,43,1,2,1,3,3,3,1,SC,Brazil,B,D,Transient-Party,No-Show,2022-10-17
City Hotel,1,234,2023-02-08,2021,10,40,23,4,6,10,3,3,1,FB,UK,E,A,Contract,No-Show,2021-12-08
Resort Hotel,0,70,2021-12-25,2023,7,25,25,1,11,12,1,1,1,BB,China,D,E,Transient-Party,No-Show,2022-07-20
City Hotel,1,98,2020-08-08,2022,5,44,31,2,8,10,3,3,1,Undefined,UK,C,B,Transient-Party,No-Show,2020-07-21
City Hotel,0,114,2020-05-08,2020,3,39,23,2,7,9,3,0,1,BB,India,C,C,Transient,Canceled,2021-01-21
City Hotel,0,183,2020-02-11,2020,1,43,5,3,13,16,3,2,0,FB,Brazil,C,D,Transient-Party,Canceled,2023-10-30
City Hotel,1,26,2022-02-13,2021,4,19,29,0,5,5,1,2,1,HB,France,B,D,Group,Check-Out,2021-10-23
City Hotel,1,143,2020-07-30,2022,6,30,12,1,4,5,3,0,0,BB,Brazil,D,D,Transient-Party,Canceled,2020-08-05
Resort Hotel,1,289,2023-02-18,2020,4,31,7,4,13,17,2,0,1,FB,Italy,E,E,Transient,Check-Out,2023-07-04
Resort Hotel,1,301,2022-04-18,2020,1,14,12,4,10,14,4,3,1,SC,China,E,A,Transient,Check-Out,2021-05-18
City Hotel,0,69,2020-07-16,2020,10,49,25,5,2,7,1,0,1,FB,Italy,C,A,Transient,No-Show,2020-09-28
City Hotel,0,73,2022-06-17,2020,5,23,5,0,12,12,1,3,1,FB,Germany,A,C,Group,No-Show,2022-12-31
Resort Hotel,0,219,2023-02-20,2022,8,41,27,0,10,10,4,0,1,SC,India,C,D,Group,No-Show,2023-01-03
City Hotel,1,129,2020-05-11,2021,4,22,3,0,10,10,3,2,0,SC,Russia,D,A,Transient,No-Show,2021-12-01
Resort Hotel,1,113,2022-12-03,2023,5,38,7,0,7,7,4,3,0,HB,Germany,B,D,Group,No-Show,2023-12-15
Resort Hotel,1,224,2021-02-17,2021,9,41,23,5,8,13,3,2,0,Undefined,Brazil,D,E,Group,Canceled,2021-08-14
Resort Hotel,1,40,2022-01-22,2022,1,40,21,3,9,12,2,1,0,SC,China,A,C,Transient,Check-Out,2020-11-22
City Hotel,0,230,2023-06-09,2020,4,15,19,1,14,15,3,3,1,HB,China,B,A,Transient-Party,Check-Out,2023-10-23
City Hotel,0,259,2020-04-07,2023,11,19,4,0,13,13,1,1,1,HB,France,E,C,Transient,No-Show,2021-01-17
City Hotel,0,288,2021-01-20,2023,8,32,19,5,1,6,1,3,0,FB,Russia,E,D,Transient,Check-Out,2022-11-17
City Hotel,0,46,2023-04-08,2020,2,18,2,2,12,14,4,0,0,HB,USA,E,B,Group,Canceled,2020-11-29
Resort Hotel,1,92,2020-06-08,2023,4,30,10,4,14,18,2,0,1,SC,USA,D,B,Group,No-Show,2021-08-30
Resort Hotel,1,249,2023-05-05,2022,1,19,16,1,8,9,4,2,0,SC,Italy,C,A,Transient,No-Show,2021-10-08
Resort Hotel,0,80,2020-08-08,2020,3,41,14,0,8,8,4,1,1,SC,Italy,A,B,Contract,No-Show,2020-03-13
Resort Hotel,1,363,2020-08-05,2021,6,44,12,4,14,18,2,2,1,SC,India,E,B,Contract,No-Show,2023-04-27
City Hotel,0,234,2022-08-13,2021,2,34,24,3,6,9,4,2,0,HB,France,E,E,Group,Canceled,2021-04-07
City Hotel,0,37,2020-07-12,2023,5,30,29,1,13,14,4,0,0,Undefined,Brazil,C,D,Group,Canceled,2020-09-21
Resort Hotel,1,262,2023-07-27,2023,9,47,18,3,11,14,3,3,0,Undefined,France,D,B,Transient,Check-Out,2020-12-07
City Hotel,0,339,2023-09-16,2023,7,14,23,4,5,9,4,2,1,BB,USA,B,B,Transient-Party,Canceled,2023-04-26
Resort Hotel,1,338,2022-07-14,2020,4,1,25,0,7,7,4,2,0,BB,Russia,A,E,Group,No-Show,2021-10-27
Resort Hotel,0,194,2023-11-27,2022,7,47,28,0,4,4,4,0,1,SC,China,A,C,Transient,Check-Out,2020-06-11
Resort Hotel,0,233,2022-07-09,2021,9,40,7,4,2,6,4,2,0,SC,Russia,C,A,Group,No-Show,2023-06-23
City Hotel,1,71,2023-04-02,2023,1,48,1,1,11,12,4,0,1,BB,India,C,B,Contract,No-Show,2021-06-02
Resort Hotel,1,57,2023-07-28,2023,3,3,24,2,1,3,4,0,1,HB,UK,A,A,Group,Check-Out,2021-08-28
Resort Hotel,0,22,2021-01-03,2022,5,42,24,2,9,11,2,2,1,BB,USA,B,B,Transient,Canceled,2020-02-06
City Hotel,0,96,2020-09-16,2023,8,44,5,5,3,8,1,0,0,BB,UK,E,D,Contract,No-Show,2021-09-01
City Hotel,0,118,2021-11-04,2023,9,29,20,4,13,17,1,1,0,BB,UK,B,E,Transient-Party,Canceled,2020-11-25
City Hotel,1,334,2020-05-01,2022,10,39,12,0,1,1,4,3,1,HB,India,A,D,Contract,Check-Out,2022-02-25
Resort Hotel,1,109,2022-06-09,2022,4,33,21,1,11,12,2,0,1,HB,France,B,D,Contract,Check-Out,2020-05-19
Resort Hotel,0,21,2023-10-12,2022,6,13,11,1,7,8,4,0,0,Undefined,Italy,A,A,Transient,Canceled,2023-09-30
City Hotel,0,107,2021-09-30,2023,10,39,27,4,2,6,1,0,1,FB,Germany,A,C,Contract,No-Show,2023-10-17
Resort Hotel,1,350,2020-06-21,2023,6,21,19,1,8,9,4,0,0,HB,Russia,D,E,Group,Check-Out,2022-07-14
Resort Hotel,1,217,2021-02-26,2023,10,1,31,2,5,7,3,1,1,HB,Brazil,B,C,Transient-Party,No-Show,2021-12-05
City Hotel,0,216,2020-12-04,2023,7,18,9,5,3,8,3,3,1,HB,Russia,E,E,Contract,No-Show,2020-11-28
Resort Hotel,1,39,2020-06-10,2020,1,40,15,5,6,11,3,0,0,FB,Germany,E,C,Transient,Check-Out,2022-07-10
City Hotel,1,76,2021-01-20,2020,5,30,3,1,14,15,3,3,1,FB,India,B,B,Group,Canceled,2022-07-31
Resort Hotel,0,22,2021-10-23,2021,5,46,16,3,3,6,3,3,1,FB,Germany,D,C,Transient,Canceled,2021-02-02
Resort Hotel,1,320,2020-09-19,2023,1,48,7,4,9,13,1,0,0,SC,Spain,E,D,Transient,No-Show,2023-09-13
City Hotel,1,326,2021-04-25,2020,2,15,7,4,2,6,4,1,0,SC,France,D,C,Contract,Canceled,2023-08-10
Resort Hotel,0,100,2022-06-24,2022,12,46,7,2,8,10,2,3,1,SC,Germany,D,C,Contract,No-Show,2020-12-11
City Hotel,1,340,2021-08-03,2020,8,41,8,2,12,14,3,3,0,SC,Germany,E,C,Transient-Party,Canceled,2021-02-17
Resort Hotel,1,124,2020-04-22,2020,2,35,9,0,12,12,1,1,1,BB,India,B,B,Transient,Canceled,2020-02-24
Resort Hotel,0,131,2023-08-06,2021,9,25,1,1,14,15,3,2,1,FB,Italy,D,D,Contract,Canceled,2022-08-22
City Hotel,1,253,2021-09-10,2023,9,1,17,3,7,10,4,0,1,HB,China,E,E,Transient,Check-Out,2020-10-21
City Hotel,0,53,2021-07-04,2023,5,16,21,1,1,2,2,3,1,SC,Germany,D,A,Contract,No-Show,2020-10-30
Resort Hotel,1,99,2020-09-18,2021,3,45,7,3,11,14,1,0,0,FB,Italy,D,B,Contract,No-Show,2023-12-07
City Hotel,0,319,2020-05-28,2020,5,1,27,0,6,6,4,1,1,BB,USA,B,E,Transient,Canceled,2020-07-03
Resort Hotel,1,308,2023-06-07,2022,9,8,6,4,10,14,2,2,0,FB,Germany,D,D,Transient,Canceled,2021-11-18
City Hotel,0,287,2023-02-02,2022,11,41,19,1,1,2,4,0,1,BB,Germany,D,B,Contract,Canceled,2023-02-19
City Hotel,1,152,2020-07-21,2022,8,1,27,4,12,16,1,3,1,SC,UK,C,B,Transient,Canceled,2021-01-12
Resort Hotel,1,270,2020-02-28,2021,5,36,1,0,5,5,3,2,1,HB,France,D,B,Contract,Canceled,2023-12-27
Resort Hotel,1,361,2021-08-31,2021,12,22,16,0,2,2,3,1,1,BB,France,E,A,Contract,No-Show,2022-01-14
City Hotel,1,88,2021-12-27,2022,3,36,30,1,4,5,1,3,0,SC,UK,C,E,Group,Check-Out,2020-03-21
City Hotel,0,338,2023-08-21,2021,6,24,30,3,11,14,1,0,0,HB,France,B,B,Transient-Party,Canceled,2020-01-03
Resort Hotel,1,326,2020-06-22,2023,12,8,13,0,11,11,4,1,1,BB,Brazil,D,E,Group,Check-Out,2022-11-14
City Hotel,0,66,2020-07-28,2020,3,22,30,5,5,10,1,3,1,Undefined,India,C,B,Contract,No-Show,2023-07-27
City Hotel,1,111,2022-03-19,2023,12,13,29,3,6,9,2,3,1,Undefined,USA,E,B,Transient-Party,Canceled,2021-03-30
City Hotel,1,49,2023-05-09,2020,4,51,31,4,1,5,4,0,0,HB,Russia,E,B,Contract,No-Show,2020-10-08
City Hotel,0,171,2021-10-24,2023,9,4,25,2,8,10,3,1,0,Undefined,France,D,C,Group,Canceled,2023-10-17
Resort Hotel,0,197,2022-11-21,2022,7,50,20,5,4,9,2,2,1,Undefined,Brazil,C,C,Contract,Check-Out,2023-11-13
Resort Hotel,0,105,2023-11-18,2023,9,1,4,4,3,7,1,3,0,BB,Brazil,C,B,Contract,Canceled,2021-08-08
Resort Hotel,0,212,2021-01-28,2023,9,41,24,3,13,16,3,3,1,BB,India,C,E,Transient,Canceled,2023-02-23
Resort Hotel,1,85,2022-02-08,2022,12,27,20,4,2,6,2,3,0,BB,Brazil,B,C,Transient-Party,Canceled,2021-10-23
Resort Hotel,1,123,2022-11-25,2020,6,41,22,4,3,7,2,2,1,BB,Spain,C,E,Group,Check-Out,2023-08-10
Resort Hotel,0,75,2020-02-13,2020,11,37,17,0,5,5,1,3,0,HB,Italy,D,E,Transient-Party,No-Show,2023-12-30
City Hotel,1,83,2020-12-02,2020,7,36,26,2,9,11,2,2,1,Undefined,Russia,E,E,Group,Canceled,2020-05-24
Resort Hotel,1,185,2021-05-14,2022,6,6,27,4,1,5,4,3,1,FB,Russia,C,D,Group,Canceled,2021-03-09
City Hotel,0,83,2021-10-09,2020,4,8,12,4,10,14,1,3,0,SC,Spain,C,A,Group,Check-Out,2020-11-09
Resort Hotel,0,359,2021-07-03,2023,8,49,1,3,6,9,4,0,1,Undefined,Brazil,B,D,Transient-Party,Check-Out,2022-05-22
City Hotel,1,125,2022-01-10,2020,10,27,30,2,7,9,1,3,0,HB,Russia,C,C,Transient-Party,No-Show,2021-05-07
City Hotel,0,357,2023-06-22,2021,4,12,18,5,2,7,2,3,0,SC,Italy,B,C,Contract,No-Show,2021-12-15
City Hotel,1,118,2023-08-26,2020,10,27,1,5,5,10,4,0,0,HB,China,D,E,Transient-Party,Check-Out,2022-09-06
Resort Hotel,0,128,2023-04-07,2020,8,52,24,5,13,18,1,2,0,FB,Spain,A,D,Transient,Canceled,2021-09-26
Resort Hotel,0,110,2021-01-23,2023,4,41,4,0,8,8,2,3,1,FB,UK,B,E,Transient-Party,Canceled,2023-11-23
Resort Hotel,1,122,2023-02-16,2021,10,19,3,5,11,16,4,0,1,BB,France,E,D,Transient-Party,Check-Out,2022-12-24
City Hotel,1,312,2023-01-23,2021,5,16,25,0,2,2,4,0,0,SC,China,E,E,Transient,Check-Out,2023-11-19
Resort Hotel,0,356,2020-04-29,2021,2,1,14,5,14,19,4,1,1,HB,Italy,A,A,Transient,Check-Out,2023-08-02
City Hotel,0,75,2021-04-06,2020,4,33,13,5,9,14,3,1,1,FB,Brazil,D,E,Transient,Check-Out,2020-11-30
City Hotel,1,361,2023-02-18,2023,7,43,13,2,3,5,1,2,0,BB,USA,B,A,Transient,Check-Out,2023-12-29
Resort Hotel,1,35,2020-10-23,2020,6,29,4,0,5,5,1,1,0,Undefined,France,B,B,Transient,Check-Out,2021-01-08
Resort Hotel,0,275,2023-06-07,2023,11,13,14,2,10,12,4,1,1,BB,India,D,B,Transient-Party,No-Show,2022-09-01
City Hotel,1,277,2023-09-17,2023,1,3,23,1,14,15,4,1,0,FB,China,D,E,Contract,Canceled,2023-05-08
City Hotel,1,107,2022-05-09,2020,7,47,10,5,12,17,4,0,1,SC,France,A,B,Transient,Check-Out,2022-11-14
Resort Hotel,1,63,2021-11-14,2023,4,45,4,5,11,16,3,1,1,SC,France,E,D,Contract,No-Show,2021-02-18
Resort Hotel,0,318,2023-01-06,2023,5,3,16,3,5,8,3,0,0,BB,Brazil,D,A,Transient-Party,No-Show,2022-07-10
Resort Hotel,1,197,2022-06-24,2023,8,27,23,5,2,7,1,2,1,Undefined,Italy,C,A,Transient-Party,Check-Out,2021-05-22
Resort Hotel,0,47,2022-05-03,2023,12,30,21,4,5,9,3,2,0,FB,Italy,B,C,Contract,Canceled,2022-06-15
City Hotel,1,89,2021-10-23,2023,8,15,12,2,8,10,1,1,1,SC,Brazil,D,D,Group,Canceled,2023-12-18
Resort Hotel,1,345,2022-05-15,2022,2,24,28,4,13,17,1,2,0,Undefined,Brazil,E,B,Transient,No-Show,2020-07-03
Resort Hotel,0,73,2020-02-25,2023,4,13,9,2,4,6,4,3,1,SC,France,E,D,Transient,Canceled,2021-10-22
Resort Hotel,0,124,2020-10-06,2021,3,33,21,1,1,2,4,3,0,HB,Russia,A,A,Transient,Canceled,2023-07-01
City Hotel,0,133,2020-06-15,2022,12,39,23,3,9,12,1,1,0,FB,China,D,C,Transient,No-Show,2022-05-24
City Hotel,1,68,2022-08-10,2023,11,10,8,4,8,12,1,0,0,HB,Brazil,E,B,Contract,Canceled,2022-06-05
Resort Hotel,0,24,2022-09-27,2022,8,1,23,4,14,18,4,0,0,FB,France,C,B,Transient,Check-Out,2020-12-19
Resort Hotel,0,74,2023-08-14,2021,2,30,11,1,5,6,3,2,1,BB,Germany,E,A,Contract,Check-Out,2021-02-25
Resort Hotel,0,10,2021-03-04,2023,4,23,10,0,8,8,4,2,0,Undefined,USA,A,D,Transient-Party,No-Show,2020-05-18
City Hotel,0,44,2020-05-18,2023,6,47,13,1,11,12,3,1,1,HB,Russia,C,C,Transient-Party,No-Show,2020-02-10
Resort Hotel,0,316,2023-06-13,2021,10,30,16,4,7,11,3,0,1,SC,Brazil,D,C,Transient,Canceled,2020-05-09
City Hotel,0,4,2020-10-16,2022,9,1,21,3,14,17,4,0,1,HB,Italy,A,E,Group,Check-Out,2023-05-24
City Hotel,1,88,2023-07-20,2020,9,32,5,1,6,7,4,2,1,HB,Brazil,B,E,Transient-Party,Check-Out,2020-01-21
City Hotel,1,94,2021-04-20,2022,8,38,8,0,10,10,2,3,0,Undefined,Italy,B,E,Transient-Party,No-Show,2023-12-17
Resort Hotel,0,99,2020-04-15,2022,7,3,10,3,12,15,1,3,1,FB,India,D,B,Transient-Party,No-Show,2023-09-12
Resort Hotel,1,48,2021-07-26,2021,6,39,30,1,6,7,4,2,0,HB,Germany,A,E,Transient-Party,Check-Out,2022-04-07
City Hotel,0,142,2020-12-23,2021,8,18,30,0,8,8,2,3,1,BB,Brazil,E,C,Group,No-Show,2022-07-06
Resort Hotel,1,275,2023-08-29,2020,8,26,5,5,11,16,2,3,1,Undefined,France,C,B,Transient,Check-Out,2022-07-05
Resort Hotel,0,340,2021-07-19,2023,3,13,21,4,14,18,3,0,0,HB,UK,C,D,Transient,Check-Out,2021-09-12
Resort Hotel,0,223,2023-06-20,2022,3,30,10,1,2,3,3,1,0,BB,Brazil,A,B,Contract,Canceled,2023-10-20
Resort Hotel,0,106,2023-10-07,2023,11,11,24,0,3,3,2,1,0,FB,Spain,A,D,Group,Canceled,2020-03-07
City Hotel,0,29,2021-03-01,2023,10,28,9,1,6,7,3,2,0,FB,Russia,D,A,Group,Canceled,2020-04-09
City Hotel,0,237,2021-07-07,2021,4,47,31,0,3,3,3,1,0,HB,Russia,A,E,Group,No-Show,2021-05-19
Resort Hotel,1,100,2020-04-25,2022,4,9,24,1,14,15,2,3,1,HB,China,D,E,Transient,Canceled,2022-09-22
City Hotel,1,138,2020-02-29,2022,10,46,1,2,11,13,2,3,1,HB,Brazil,A,B,Transient-Party,Check-Out,2023-01-02
City Hotel,0,171,2020-12-28,2023,11,3,10,2,9,11,2,1,0,BB,UK,E,E,Contract,No-Show,2021-07-23
Resort Hotel,0,258,2021-05-04,2021,7,9,15,0,1,1,1,2,0,BB,China,B,D,Contract,No-Show,2020-07-22
Resort Hotel,1,196,2022-06-07,2021,8,17,18,1,5,6,1,1,0,BB,Italy,C,D,Group,Check-Out,2021-10-31
Resort Hotel,1,33,2023-12-17,2020,10,7,3,0,4,4,1,1,1,FB,Germany,C,B,Transient-Party,No-Show,2020-11-02
Resort Hotel,0,111,2020-01-24,2021,10,15,29,3,12,15,3,1,1,Undefined,USA,D,D,Contract,Check-Out,2021-08-06
Resort Hotel,1,167,2022-04-16,2021,6,53,21,1,14,15,2,0,1,HB,Brazil,D,A,Contract,Canceled,2020-10-08
Resort Hotel,0,165,2022-02-25,2020,1,6,18,1,13,14,2,2,0,SC,France,E,D,Transient,No-Show,2020-11-17
City Hotel,0,293,2023-10-05,2021,7,4,19,2,8,10,4,3,0,FB,USA,C,A,Contract,No-Show,2022-05-27
Resort Hotel,1,67,2020-03-27,2023,8,30,25,1,10,11,3,2,0,FB,USA,A,B,Transient,No-Show,2022-08-06
Resort Hotel,0,72,2020-10-17,2023,3,13,26,0,9,9,1,2,1,FB,France,D,D,Group,Canceled,2022-07-08
Resort Hotel,1,290,2020-03-22,2022,9,25,28,0,1,1,3,3,1,BB,India,E,E,Group,Check-Out,2020-08-04
Resort Hotel,0,216,2021-08-25,2021,7,42,12,5,5,10,4,0,1,SC,India,E,A,Contract,Canceled,2021-12-05
Resort Hotel,0,176,2021-06-04,2023,1,2,3,0,4,4,3,3,0,HB,USA,D,A,Transient-Party,Canceled,2020-01-01
Resort Hotel,1,218,2021-09-02,2023,9,16,24,0,3,3,3,3,0,Undefined,Italy,C,E,Group,Canceled,2023-01-20
Resort Hotel,1,121,2020-04-10,2023,9,36,6,1,1,2,3,2,0,FB,Italy,E,A,Group,Check-Out,2021-02-01
City Hotel,1,258,2023-05-09,2023,4,3,5,5,14,19,2,1,1,HB,Brazil,D,B,Contract,Check-Out,2022-07-04
City Hotel,0,350,2022-02-05,2022,3,28,15,2,5,7,1,2,1,FB,Brazil,B,B,Contract,Check-Out,2021-01-01
City Hotel,0,151,2023-12-08,2022,10,41,24,1,8,9,1,0,1,HB,Italy,D,D,Contract,Canceled,2021-02-28
City Hotel,1,316,2022-11-06,2021,9,28,17,4,14,18,1,0,0,HB,China,E,C,Transient,Check-Out,2022-04-13
City Hotel,0,198,2020-05-21,2023,1,16,7,0,7,7,2,3,0,FB,Italy,D,B,Contract,Check-Out,2023-11-27
City Hotel,1,308,2022-05-08,2022,5,14,16,2,12,14,1,3,1,BB,India,E,A,Contract,Check-Out,2023-09-14
Resort Hotel,0,54,2023-03-26,2023,2,48,2,5,12,17,4,1,1,BB,India,E,B,Transient,Canceled,2023-10-15
City Hotel,1,120,2023-05-06,2022,1,40,29,1,4,5,4,1,0,SC,Spain,C,A,Transient,No-Show,2022-10-11
City Hotel,0,347,2023-12-29,2020,1,51,24,2,9,11,3,3,0,Undefined,India,C,B,Transient,No-Show,2023-06-02
Resort Hotel,1,142,2021-09-15,2023,2,41,29,4,4,8,4,0,0,HB,Italy,D,E,Contract,Canceled,2020-10-20
City Hotel,1,334,2022-04-27,2023,5,19,23,5,14,19,2,1,0,HB,Germany,A,C,Transient-Party,Check-Out,2022-08-09
Resort Hotel,1,75,2023-07-07,2020,10,6,18,5,10,15,4,3,0,Undefined,France,E,D,Transient-Party,Canceled,2020-09-04
Resort Hotel,1,242,2020-05-06,2020,5,19,7,4,5,9,1,0,0,FB,India,E,C,Contract,No-Show,2022-05-08
City Hotel,0,11,2021-06-07,2022,6,31,19,5,11,16,3,0,1,BB,Germany,B,D,Transient-Party,Canceled,2022-04-06
Resort Hotel,1,100,2023-09-30,2022,2,9,5,3,14,17,1,3,0,BB,USA,B,E,Group,Check-Out,2023-06-12
City Hotel,1,175,2020-01-13,2022,3,5,8,1,14,15,2,3,0,BB,UK,C,B,Transient,Check-Out,2021-05-17
Resort Hotel,0,185,2021-03-20,2022,4,31,23,1,2,3,3,0,1,BB,USA,B,E,Transient,Check-Out,2021-10-20
Resort Hotel,1,325,2021-07-03,2023,6,9,7,4,6,10,4,3,0,FB,India,B,B,Group,Check-Out,2022-03-24
City Hotel,0,237,2021-05-21,2023,1,38,18,5,8,13,3,0,1,BB,China,C,A,Transient-Party,Check-Out,2021-01-22
Resort Hotel,1,221,2020-06-08,2023,8,9,22,1,11,12,3,3,0,FB,France,B,D,Transient-Party,Check-Out,2023-08-23
Resort Hotel,1,164,2023-02-21,2022,7,15,31,2,5,7,3,3,1,Undefined,India,C,C,Contract,No-Show,2020-01-25
City Hotel,0,71,2022-08-06,2020,6,9,11,1,4,5,3,0,1,SC,Germany,C,B,Group,Check-Out,2020-09-04
City Hotel,1,9,2023-09-09,2023,11,3,16,0,2,2,1,0,0,HB,Brazil,C,E,Group,Canceled,2020-10-21
Resort Hotel,0,63,2022-06-06,2020,11,14,28,5,11,16,1,3,1,Undefined,Russia,C,D,Transient-Party,No-Show,2021-06-12
Resort Hotel,0,360,2021-11-30,2023,6,44,3,0,1,1,2,3,1,HB,USA,D,B,Transient,No-Show,2022-10-09
City Hotel,0,58,2023-03-17,2023,12,42,6,3,8,11,3,3,0,BB,Spain,E,E,Transient,No-Show,2021-05-16
City Hotel,1,350,2020-10-22,2022,5,24,10,0,11,11,3,3,0,Undefined,Brazil,E,B,Group,No-Show,2023-08-17
City Hotel,1,333,2021-07-29,2023,7,36,14,3,7,10,4,3,1,Undefined,Russia,A,B,Contract,Check-Out,2021-01-23
Resort Hotel,1,320,2023-09-28,2021,1,11,1,2,2,4,3,3,0,Undefined,Spain,C,A,Group,Check-Out,2021-05-15
City Hotel,1,365,2023-12-16,2022,2,15,12,5,10,15,3,3,0,BB,UK,D,D,Group,Canceled,2022-02-16
City Hotel,1,233,2020-05-23,2021,6,16,13,1,2,3,3,0,0,BB,USA,D,E,Contract,Check-Out,2022-09-22
Resort Hotel,0,199,2023-03-09,2020,3,20,13,4,11,15,4,2,0,HB,Russia,E,A,Transient,Canceled,2020-02-27
Resort Hotel,1,281,2022-08-25,2023,5,26,24,5,6,11,2,0,1,HB,Spain,D,D,Transient,Check-Out,2023-06-26
City Hotel,0,64,2020-10-24,2021,8,9,24,2,14,16,2,0,1,Undefined,UK,D,E,Contract,Canceled,2022-07-05
Resort Hotel,0,66,2021-04-04,2021,8,2,16,5,13,18,3,1,1,HB,USA,C,C,Transient,Canceled,2021-11-16
City Hotel,0,83,2021-07-24,2023,9,19,25,5,6,11,3,0,0,SC,UK,C,A,Group,Canceled,2023-10-22
City Hotel,0,195,2020-06-24,2020,2,2,10,3,5,8,4,2,1,SC,UK,C,E,Transient-Party,Check-Out,2021-07-24
City Hotel,0,84,2023-08-06,2021,11,7,13,2,4,6,2,1,1,SC,China,A,E,Contract,Check-Out,2023-03-08
City Hotel,0,172,2021-02-06,2021,11,21,6,1,4,5,1,1,0,HB,Spain,A,C,Group,No-Show,2022-08-17
City Hotel,1,263,2020-05-01,2020,2,39,19,5,14,19,3,1,1,SC,Brazil,C,B,Contract,Check-Out,2021-07-28
City Hotel,0,217,2020-10-18,2020,12,21,29,5,1,6,1,1,1,SC,Brazil,A,E,Group,Check-Out,2020-12-19
City Hotel,0,344,2020-08-08,2021,10,29,1,2,5,7,2,0,0,BB,USA,D,C,Contract,No-Show,2021-01-06
City Hotel,0,264,2020-12-24,2021,1,19,21,3,7,10,2,0,0,SC,India,A,D,Transient-Party,Check-Out,2022-05-07
City Hotel,0,186,2020-02-19,2022,8,7,30,0,11,11,1,1,0,SC,USA,D,A,Contract,No-Show,2021-04-20
Resort Hotel,1,42,2022-04-06,2021,11,42,28,3,3,6,2,2,1,Undefined,India,E,A,Transient-Party,No-Show,2023-11-29
City Hotel,1,193,2020-03-03,2022,1,33,30,3,9,12,1,3,1,Undefined,China,D,D,Group,No-Show,2020-06-01
Resort Hotel,1,241,2023-08-31,2021,11,26,12,2,2,4,4,3,1,SC,Spain,E,D,Transient,No-Show,2022-10-15
Resort Hotel,0,69,2020-06-01,2020,12,15,21,2,9,11,1,1,0,Undefined,Russia,A,A,Transient,Canceled,2023-04-20
City Hotel,1,211,2022-07-15,2023,2,46,14,4,14,18,4,2,1,HB,India,B,D,Transient,Check-Out,2023-03-06
Resort Hotel,0,297,2021-04-09,2022,9,43,12,0,12,12,3,0,0,FB,Brazil,E,C,Group,No-Show,2023-04-13
City Hotel,1,365,2023-04-13,2022,10,49,7,3,8,11,1,3,0,HB,France,A,E,Transient-Party,Check-Out,2021-08-04
City Hotel,0,191,2022-08-10,2020,11,10,20,1,1,2,3,2,1,Undefined,Russia,B,C,Contract,Canceled,2022-03-16
Resort Hotel,0,331,2020-01-21,2021,3,7,24,2,14,16,3,1,0,FB,Brazil,B,A,Contract,No-Show,2020-09-07
Resort Hotel,1,339,2021-08-20,2020,12,32,31,3,2,5,3,2,0,HB,Germany,B,B,Transient-Party,No-Show,2020-09-28
Resort Hotel,0,68,2022-03-28,2023,1,2,17,5,10,15,3,3,0,HB,Spain,D,C,Transient,No-Show,2020-01-18
Resort Hotel,1,128,2022-02-13,2020,5,48,5,1,6,7,3,0,0,Undefined,Spain,D,E,Contract,Check-Out,2020-10-04
City Hotel,0,197,2021-05-30,2023,5,40,1,3,13,16,4,3,0,HB,France,A,C,Transient,Check-Out,2022-03-31
City Hotel,0,84,2023-11-12,2022,7,33,23,4,9,13,1,2,1,BB,France,B,C,Transient,Canceled,2021-08-27
City Hotel,0,347,2022-03-08,2023,10,9,22,4,6,10,4,2,0,BB,India,E,E,Transient,No-Show,2023-06-29
Resort Hotel,1,138,2021-03-14,2021,6,4,10,2,14,16,2,3,0,HB,Spain,E,B,Transient-Party,Canceled,2022-05-08
City Hotel,1,313,2023-01-04,2020,11,24,20,4,1,5,3,2,1,FB,Brazil,E,C,Contract,No-Show,2023-11-11
Resort Hotel,1,73,2023-06-15,2021,3,8,29,4,7,11,2,2,1,BB,Brazil,E,D,Group,Check-Out,2022-08-27
City Hotel,0,306,2022-01-27,2021,11,35,17,0,10,10,3,0,0,Undefined,UK,B,E,Transient-Party,No-Show,2023-05-23
Resort Hotel,0,148,2021-04-26,2023,8,5,14,0,11,11,4,2,0,FB,Brazil,A,D,Transient,Canceled,2023-09-23
Resort Hotel,0,330,2023-06-30,2020,12,51,17,1,13,14,4,1,0,SC,Germany,A,D,Contract,No-Show,2023-03-28
City Hotel,1,246,2021-02-09,2022,6,13,21,0,1,1,2,1,1,FB,Spain,A,A,Group,Canceled,2020-04-11
City Hotel,1,13,2021-05-22,2023,6,13,19,4,8,12,4,1,1,BB,Spain,C,D,Group,Canceled,2020-11-19
Resort Hotel,0,165,2021-04-29,2020,2,50,25,4,2,6,3,0,0,Undefined,Spain,D,B,Group,Check-Out,2022-04-02
City Hotel,1,41,2020-04-19,2021,5,14,27,5,9,14,1,1,1,SC,UK,B,E,Transient-Party,Canceled,2023-01-10
City Hotel,0,226,2020-11-13,2021,7,6,24,3,1,4,3,2,0,FB,India,B,E,Transient,No-Show,2021-08-22
City Hotel,0,176,2022-09-07,2023,1,28,6,5,10,15,1,1,0,FB,Russia,C,A,Contract,No-Show,2021-05-06
City Hotel,0,65,2023-02-10,2022,1,2,1,2,14,16,3,1,1,FB,Germany,B,C,Transient-Party,Check-Out,2020-08-22
City Hotel,1,143,2023-07-09,2022,3,39,11,0,4,4,3,2,1,SC,India,A,B,Group,No-Show,2023-11-30
Resort Hotel,1,314,2021-02-22,2022,8,42,27,4,6,10,4,2,1,BB,Germany,B,C,Transient,Canceled,2020-01-08
City Hotel,1,271,2022-10-24,2020,9,5,11,3,13,16,1,0,1,SC,Russia,A,E,Transient,Canceled,2021-03-25
Resort Hotel,0,153,2023-09-23,2021,9,45,28,4,8,12,2,1,1,Undefined,China,B,D,Group,No-Show,2020-02-09
City Hotel,0,271,2020-09-04,2022,9,32,29,0,6,6,3,3,0,SC,France,D,C,Group,Check-Out,2022-06-02
City Hotel,0,224,2021-09-28,2021,2,25,25,4,4,8,4,0,1,HB,UK,E,D,Transient-Party,Check-Out,2023-01-13
City Hotel,0,308,2021-01-23,2023,2,27,28,2,12,14,4,3,1,BB,UK,A,D,Contract,Canceled,2022-11-23
City Hotel,1,279,2023-02-18,2020,7,43,28,2,11,13,1,3,1,BB,India,C,C,Transient,Canceled,2023-04-05
Resort Hotel,1,292,2021-04-24,2020,5,34,8,1,4,5,2,1,1,HB,Germany,C,E,Transient,Check-Out,2020-06-12
Resort Hotel,1,352,2020-02-28,2022,1,46,21,0,5,5,2,2,1,BB,China,D,D,Contract,Canceled,2023-05-22
Resort Hotel,1,284,2020-10-23,2022,7,27,14,1,2,3,2,0,0,SC,USA,B,C,Contract,No-Show,2023-07-30
Resort Hotel,1,108,2023-03-05,2020,6,20,15,1,12,13,4,3,0,Undefined,UK,E,C,Transient,Canceled,2022-06-02
City Hotel,0,125,2022-06-21,2020,1,4,2,3,9,12,2,2,0,SC,China,B,E,Group,No-Show,2020-01-26
City Hotel,0,197,2023-02-26,2020,10,5,31,2,8,10,3,0,0,HB,Russia,B,D,Transient-Party,Check-Out,2022-10-05
Resort Hotel,1,274,2020-03-07,2022,12,43,22,4,2,6,1,3,1,HB,USA,B,C,Transient,Check-Out,2023-12-29
City Hotel,1,339,2021-05-29,2022,11,12,9,3,13,16,1,1,0,SC,Spain,C,B,Transient,Check-Out,2022-10-11
City Hotel,0,124,2023-05-19,2021,3,15,26,3,1,4,4,3,0,FB,Russia,D,B,Group,Check-Out,2021-06-15
City Hotel,1,339,2022-02-18,2020,12,27,16,1,11,12,3,3,0,Undefined,UK,D,B,Group,Check-Out,2023-05-27
City Hotel,1,255,2021-03-27,2022,11,36,11,4,8,12,3,0,0,FB,Italy,C,A,Contract,No-Show,2023-05-16
City Hotel,1,162,2021-03-30,2022,8,51,14,1,12,13,2,3,1,Undefined,Spain,D,B,Transient-Party,Canceled,2022-07-18
Resort Hotel,1,79,2023-06-09,2022,2,50,27,3,12,15,2,2,0,HB,Spain,D,B,Transient,Canceled,2022-03-04
Resort Hotel,1,299,2023-07-02,2020,9,29,1,4,10,14,2,0,0,BB,Germany,C,A,Transient-Party,Check-Out,2023-11-25
City Hotel,1,67,2021-10-02,2023,9,21,8,3,13,16,4,0,1,HB,Spain,E,C,Group,Check-Out,2021-01-10
City Hotel,0,53,2023-08-17,2023,4,19,13,5,2,7,4,2,1,BB,UK,C,B,Transient,Canceled,2020-06-29
Resort Hotel,0,44,2020-11-18,2020,2,51,9,1,6,7,2,0,0,HB,China,B,B,Transient-Party,No-Show,2020-11-11
City Hotel,0,264,2020-07-21,2022,9,10,10,4,6,10,2,2,1,SC,Germany,B,C,Group,Canceled,2020-05-28
City Hotel,1,352,2020-11-11,2020,6,26,26,3,1,4,2,1,0,SC,Brazil,E,D,Contract,Canceled,2021-10-28
Resort Hotel,1,59,2023-01-22,2021,11,33,6,3,7,10,1,2,0,Undefined,UK,C,E,Contract,Check-Out,2021-04-03
Resort Hotel,0,217,2021-01-15,2021,5,30,5,5,10,15,3,2,0,SC,China,C,B,Group,Check-Out,2021-12-12
City Hotel,1,61,2020-04-29,2022,3,10,22,2,11,13,4,3,1,FB,Italy,E,E,Group,No-Show,2020-02-22
Resort Hotel,0,300,2020-11-02,2022,9,42,4,1,14,15,2,0,1,SC,India,B,E,Group,Canceled,2020-12-10
Resort Hotel,0,215,2021-03-18,2020,9,8,3,4,7,11,4,3,0,SC,Russia,E,E,Contract,Check-Out,2023-12-29
City Hotel,1,266,2023-08-12,2022,3,33,15,0,12,12,1,0,1,FB,USA,C,E,Contract,Canceled,2022-07-20
City Hotel,0,236,2020-06-26,2021,6,49,7,1,9,10,2,2,1,Undefined,Brazil,E,D,Transient-Party,Check-Out,2021-02-10
City Hotel,0,299,2020-04-29,2022,10,5,18,1,5,6,1,0,0,SC,India,B,D,Transient-Party,Canceled,2021-04-16
City Hotel,1,104,2023-09-30,2022,2,52,23,5,3,8,4,0,0,FB,Brazil,E,D,Contract,No-Show,2022-05-22
Resort Hotel,0,246,2020-11-28,2020,7,2,25,5,13,18,2,1,0,BB,UK,E,D,Group,No-Show,2020-09-16
City Hotel,0,353,2023-10-03,2021,7,8,9,2,11,13,4,2,1,FB,UK,E,A,Contract,No-Show,2020-08-09
City Hotel,1,45,2023-11-02,2021,6,53,16,4,2,6,3,1,1,Undefined,China,A,D,Transient-Party,No-Show,2022-07-01
Resort Hotel,0,12,2022-03-16,2020,1,51,24,3,5,8,4,1,0,SC,France,B,A,Contract,Canceled,2023-04-02
City Hotel,0,45,2022-08-21,2021,9,21,18,3,1,4,1,3,0,BB,Russia,E,E,Group,Canceled,2022-06-29
Resort Hotel,0,167,2021-10-06,2021,2,32,30,1,5,6,1,2,0,HB,Italy,A,B,Transient-Party,Canceled,2020-07-06
Resort Hotel,1,170,2022-06-29,2022,6,46,6,3,6,9,1,1,1,Undefined,China,D,A,Transient,Canceled,2022-03-21
Resort Hotel,1,308,2021-09-15,2020,10,44,15,3,6,9,2,2,1,HB,USA,C,A,Transient,Check-Out,2021-03-30
City Hotel,1,132,2020-01-30,2022,1,18,27,3,2,5,4,0,1,FB,Spain,C,B,Contract,Canceled,2022-06-09
City Hotel,0,362,2020-04-11,2023,5,13,31,5,12,17,3,2,0,HB,Brazil,D,A,Contract,Check-Out,2021-09-11
Resort Hotel,1,125,2023-02-16,2020,5,6,20,0,7,7,1,2,1,SC,Italy,E,C,Transient-Party,Check-Out,2022-01-06
Resort Hotel,0,185,2021-09-29,2023,9,51,21,3,5,8,4,2,0,SC,Brazil,A,A,Group,No-Show,2020-06-01
City Hotel,1,75,2022-07-11,2021,6,16,30,0,3,3,4,2,0,Undefined,UK,B,C,Transient,Check-Out,2020-04-05
Resort Hotel,0,85,2022-04-03,2021,7,24,15,4,2,6,2,1,1,BB,China,D,A,Transient-Party,No-Show,2023-05-08
City Hotel,1,85,2020-04-13,2020,7,44,19,1,11,12,3,1,1,HB,Brazil,B,E,Group,No-Show,2021-04-25
Resort Hotel,1,112,2020-05-18,2020,7,30,22,4,10,14,4,2,0,FB,Italy,D,A,Transient-Party,Check-Out,2022-01-06
City Hotel,1,329,2021-11-17,2021,6,37,23,2,3,5,3,2,1,Undefined,India,D,D,Transient,Check-Out,2020-01-10
City Hotel,0,213,2021-08-24,2022,2,48,14,4,1,5,3,0,0,HB,China,D,B,Group,Canceled,2020-08-22
City Hotel,1,212,2022-03-10,2023,4,5,1,1,2,3,4,3,0,Undefined,France,C,A,Group,No-Show,2022-10-15
City Hotel,0,106,2020-10-21,2023,12,51,7,0,8,8,3,2,1,FB,Brazil,E,E,Group,No-Show,2021-11-04
City Hotel,1,265,2023-07-30,2020,12,26,10,4,4,8,2,0,0,BB,USA,A,E,Contract,Check-Out,2023-06-24
City Hotel,1,339,2023-10-02,2023,11,46,11,5,11,16,4,2,1,FB,France,D,A,Contract,Check-Out,2022-12-03
Resort Hotel,0,38,2021-07-25,2020,7,35,3,1,3,4,3,3,0,Undefined,Italy,E,C,Group,No-Show,2023-11-28
City Hotel,0,151,2022-08-29,2023,10,43,16,1,11,12,1,0,1,BB,Spain,A,A,Transient,Canceled,2020-07-22
Resort Hotel,0,204,2022-10-16,2023,10,45,15,0,1,1,4,1,1,SC,China,E,D,Group,No-Show,2023-04-15
Resort Hotel,0,77,2020-11-03,2021,6,12,10,0,2,2,4,2,1,SC,China,C,C,Transient,Check-Out,2023-05-05
Resort Hotel,0,22,2020-12-08,2021,5,13,29,4,14,18,1,1,0,Undefined,China,C,A,Group,Canceled,2020-09-10
City Hotel,0,251,2023-09-07,2023,9,23,19,1,10,11,3,3,0,Undefined,USA,A,E,Contract,Canceled,2023-02-03
Resort Hotel,0,83,2023-11-16,2020,9,38,10,5,10,15,4,3,0,Undefined,Italy,E,D,Group,Check-Out,2023-11-04
City Hotel,1,74,2023-06-18,2020,1,25,19,4,8,12,3,0,0,Undefined,China,B,C,Group,No-Show,2022-03-18
City Hotel,0,299,2020-02-22,2023,7,18,29,5,11,16,4,1,0,FB,Germany,B,D,Contract,No-Show,2022-09-29
Resort Hotel,0,241,2021-06-07,2020,11,52,30,3,13,16,4,1,1,Undefined,USA,C,D,Contract,Canceled,2021-04-16
Resort Hotel,0,10,2023-02-19,2023,10,20,26,1,11,12,3,1,1,Undefined,France,C,D,Group,Canceled,2023-09-29
City Hotel,1,122,2020-06-18,2022,8,23,30,2,10,12,3,0,1,HB,France,D,B,Transient,Canceled,2023-04-30
Resort Hotel,1,178,2022-02-20,2020,12,36,7,1,2,3,4,3,1,FB,Germany,E,B,Transient-Party,Canceled,2022-11-27
Resort Hotel,1,21,2020-07-15,2022,9,28,11,1,5,6,2,3,0,SC,Brazil,C,D,Transient-Party,Check-Out,2021-07-31
City Hotel,0,249,2021-12-29,2021,2,6,16,4,11,15,4,0,0,BB,Italy,E,D,Transient-Party,Check-Out,2022-08-10
Resort Hotel,0,24,2023-11-07,2022,7,6,28,3,2,5,2,1,0,FB,India,C,B,Transient,No-Show,2020-05-07
Resort Hotel,1,8,2021-04-01,2023,2,18,24,2,7,9,1,3,1,BB,USA,A,D,Group,Check-Out,2020-11-25
City Hotel,0,177,2023-06-24,2022,12,18,27,0,11,11,1,2,1,FB,China,C,D,Transient,Check-Out,2022-11-16
City Hotel,0,83,2020-12-05,2022,6,41,17,0,5,5,1,3,1,HB,UK,B,E,Transient-Party,No-Show,2021-02-16
City Hotel,0,228,2020-06-29,2022,9,33,11,4,8,12,3,0,0,Undefined,Russia,C,D,Transient,Check-Out,2022-01-12
City Hotel,0,152,2020-03-06,2020,3,34,23,3,6,9,3,0,0,BB,USA,A,A,Contract,No-Show,2021-07-08
City Hotel,0,359,2023-04-11,2023,5,21,11,4,3,7,1,3,0,Undefined,China,B,D,Contract,Canceled,2020-12-03
City Hotel,0,177,2020-12-10,2023,8,8,17,4,8,12,1,1,0,Undefined,USA,B,C,Transient-Party,Check-Out,2022-04-12
City Hotel,0,289,2020-12-04,2020,8,16,11,0,3,3,3,3,0,SC,India,D,E,Group,Canceled,2020-09-09
Resort Hotel,0,123,2022-07-04,2021,6,37,18,2,6,8,2,1,0,HB,Russia,D,E,Transient,Canceled,2022-06-23
City Hotel,0,8,2020-10-03,2023,8,42,14,0,13,13,3,1,1,FB,Spain,E,B,Group,No-Show,2021-03-02
City Hotel,1,279,2023-07-05,2020,6,51,28,1,8,9,3,3,1,FB,Russia,B,D,Transient-Party,Canceled,2022-11-30
City Hotel,1,289,2023-04-28,2021,9,48,30,5,9,14,1,0,0,BB,Germany,A,B,Contract,Canceled,2020-02-21
Resort Hotel,0,39,2023-05-13,2021,1,36,10,3,8,11,1,0,1,Undefined,Italy,E,B,Contract,No-Show,2020-12-30
City Hotel,0,91,2022-10-13,2022,1,41,12,3,10,13,2,1,1,HB,France,A,B,Transient,Canceled,2022-02-12
Resort Hotel,1,314,2021-03-21,2022,4,6,14,3,10,13,2,3,1,Undefined,Spain,A,C,Transient-Party,No-Show,2021-07-12
Resort Hotel,0,75,2022-02-09,2021,6,7,11,1,1,2,4,1,0,FB,Russia,B,C,Contract,No-Show,2023-04-02
Resort Hotel,1,97,2022-11-27,2021,9,7,8,3,13,16,3,3,0,SC,Germany,A,A,Group,No-Show,2023-01-30
Resort Hotel,0,160,2022-08-17,2023,12,27,12,0,1,1,4,3,1,HB,India,D,B,Transient-Party,No-Show,2020-06-29
Resort Hotel,0,137,2020-08-03,2020,11,32,23,1,13,14,2,1,0,SC,UK,B,D,Transient-Party,No-Show,2022-09-09
Resort Hotel,0,18,2023-03-31,2021,11,4,20,2,11,13,4,1,0,Undefined,USA,C,E,Transient,Check-Out,2020-06-29
Resort Hotel,0,157,2020-03-10,2021,10,7,8,1,2,3,1,1,1,FB,Italy,D,C,Transient-Party,No-Show,2020-01-11
Resort Hotel,0,364,2020-06-19,2023,10,29,16,5,8,13,4,1,0,FB,India,E,D,Group,No-Show,2021-11-17
City Hotel,1,62,2020-05-14,2021,4,40,22,5,3,8,1,3,1,Undefined,India,A,C,Transient-Party,Canceled,2021-07-29
Resort Hotel,0,95,2020-05-02,2021,3,16,15,0,10,10,3,0,0,FB,Italy,A,D,Contract,No-Show,2022-04-30
Resort Hotel,1,226,2023-03-03,2022,10,22,9,4,13,17,4,3,1,SC,UK,B,B,Contract,Canceled,2021-03-21
